{"type":"FeatureCollection","features":[{"type":"Feature","properties":{"cls":"minor","kind":"unclassified"},"geometry":{"type":"LineString","coordinates":[[-75.519377,5.154838],[-75.519168,5.154455],[-75.519085,5.154257],[-75.519043,5.154036],[-75.519038,5.153641],[-75.519064,5.153363],[-75.519102,5.15315],[-75.519113,5.15276],[-75.519168,5.152568],[-75.519275,5.152318],[-75.519362,5.152172],[-75.519582,5.152103],[-75.519675,5.152055],[-75.519706,5.15199],[-75.519727,5.15179],[-75.519766,5.151682],[-75.519848,5.151617],[-75.519982,5.151598],[-75.520179,5.151566],[-75.520277,5.151488],[-75.520327,5.151383],[-75.520395,5.151128],[-75.520478,5.151013],[-75.520621,5.150899],[-75.520702,5.150776],[-75.520737,5.15064],[-75.520725,5.150515],[-75.520669,5.150344],[-75.520606,5.150038],[-75.520569,5.149681],[-75.520571,5.149288],[-75.520551,5.149194],[-75.520494,5.149111],[-75.520414,5.149031],[-75.520328,5.148945],[-75.52025,5.148797],[-75.520213,5.148685],[-75.520184,5.148375],[-75.520138,5.148219],[-75.520093,5.148136],[-75.520038,5.148093],[-75.519885,5.148038],[-75.519722,5.147935],[-75.51966,5.147859],[-75.519624,5.147682],[-75.519573,5.14748],[-75.519427,5.147062],[-75.519381,5.146851],[-75.519349,5.146655],[-75.519344,5.145945],[-75.51932,5.145653],[-75.51936,5.144551],[-75.519379,5.144379],[-75.519526,5.143717],[-75.519545,5.143597],[-75.519534,5.143494],[-75.519426,5.143206],[-75.519405,5.143121],[-75.519379,5.142939],[-75.519343,5.142734],[-75.519255,5.142423],[-75.51912,5.14196],[-75.518998,5.141415],[-75.518951,5.140933]]}},{"type":"Feature","properties":{"cls":"medium","kind":"secondary"},"geometry":{"type":"LineString","coordinates":[[-75.496349,5.137121],[-75.496255,5.137414],[-75.496243,5.137495],[-75.496256,5.137848],[-75.496246,5.138],[-75.496201,5.138157],[-75.496134,5.138311],[-75.496063,5.138451],[-75.495871,5.138779],[-75.495797,5.138889],[-75.495702,5.138984],[-75.495575,5.139046],[-75.495434,5.139083],[-75.495291,5.139099],[-75.495184,5.139091],[-75.495082,5.139048],[-75.494996,5.138986],[-75.494823,5.138838],[-75.494758,5.138801],[-75.494688,5.138788],[-75.494619,5.138797],[-75.494559,5.138825],[-75.494524,5.138869],[-75.494512,5.13892],[-75.494513,5.138976],[-75.494531,5.13903],[-75.494571,5.139083],[-75.494627,5.139114],[-75.494968,5.139208],[-75.495397,5.139402],[-75.495532,5.139436],[-75.495657,5.139444],[-75.495784,5.139435],[-75.495898,5.139394],[-75.496,5.139327],[-75.496147,5.13919],[-75.497187,5.138136],[-75.497266,5.138067],[-75.497381,5.137999],[-75.497512,5.137969],[-75.497704,5.137951],[-75.497839,5.13791],[-75.497973,5.137836],[-75.498099,5.137747],[-75.498506,5.137413],[-75.498592,5.137357],[-75.498695,5.137329],[-75.498808,5.137325],[-75.499225,5.137359],[-75.49953,5.137506],[-75.49966,5.137525],[-75.499801,5.137507],[-75.499916,5.137426],[-75.500196,5.137136],[-75.500258,5.137089],[-75.500348,5.137064],[-75.501538,5.137035],[-75.501703,5.137066],[-75.501857,5.137153],[-75.502344,5.137552],[-75.502461,5.137624],[-75.502597,5.137689],[-75.503069,5.137858],[-75.503146,5.137898],[-75.503205,5.137949],[-75.503248,5.138017],[-75.503262,5.138101],[-75.503158,5.138921],[-75.503163,5.139066],[-75.503195,5.139202],[-75.503259,5.139332],[-75.504009,5.140394],[-75.504318,5.140699],[-75.504382,5.1408],[-75.504409,5.140911],[-75.504404,5.142026],[-75.504428,5.142189],[-75.504465,5.142317],[-75.504486,5.142388],[-75.504511,5.14244],[-75.50478,5.142927],[-75.504819,5.143039],[-75.504835,5.143132],[-75.504836,5.143708],[-75.504888,5.143795],[-75.504934,5.143828],[-75.505011,5.143852],[-75.505085,5.143859],[-75.505324,5.143848],[-75.505373,5.143846],[-75.505439,5.14387],[-75.505482,5.143892],[-75.505532,5.14395],[-75.505833,5.14434],[-75.506225,5.144683],[-75.506288,5.144759],[-75.506699,5.145544],[-75.506744,5.145677],[-75.506761,5.145763],[-75.5069,5.146441],[-75.506946,5.146558],[-75.506983,5.146612],[-75.507059,5.146642],[-75.507131,5.146657],[-75.507198,5.146654],[-75.507259,5.14664],[-75.507325,5.146591],[-75.507362,5.146534],[-75.507409,5.146407],[-75.507461,5.14614],[-75.50746,5.146064],[-75.507443,5.145936],[-75.507385,5.145689],[-75.507368,5.145615],[-75.507365,5.14555],[-75.507384,5.145444],[-75.507427,5.145327],[-75.507598,5.144978],[-75.507657,5.144842],[-75.507677,5.14479],[-75.507695,5.144711],[-75.5077,5.144632],[-75.50765,5.143873],[-75.507637,5.143728],[-75.507622,5.143673],[-75.507577,5.143609],[-75.507378,5.143437],[-75.507335,5.143386],[-75.507299,5.143323],[-75.507288,5.143268],[-75.507287,5.143208],[-75.507306,5.143124],[-75.507346,5.143024],[-75.507987,5.141712],[-75.508026,5.141639],[-75.508098,5.141583]]}},{"type":"Feature","properties":{"cls":"medium","kind":"secondary","name":"Filadelfia - Neira"},"geometry":{"type":"LineString","coordinates":[[-75.519741,5.17047],[-75.519721,5.170627],[-75.519536,5.170939],[-75.519457,5.17107],[-75.519421,5.171256],[-75.519421,5.171541],[-75.519405,5.17162],[-75.519303,5.172012],[-75.519306,5.172156],[-75.519328,5.172242],[-75.519376,5.172297],[-75.519465,5.172359],[-75.519657,5.172426],[-75.519707,5.172476],[-75.519759,5.172549],[-75.51982,5.172693],[-75.519879,5.172786],[-75.519951,5.172852],[-75.520072,5.172931],[-75.52019,5.17297],[-75.520429,5.172997],[-75.520853,5.173033],[-75.520965,5.17307],[-75.521066,5.173121],[-75.521105,5.17317],[-75.521135,5.173258],[-75.521193,5.173627],[-75.521299,5.173856],[-75.521314,5.17399],[-75.521232,5.174252],[-75.521225,5.174343],[-75.521232,5.174419],[-75.521256,5.174462],[-75.521307,5.174511],[-75.521367,5.174542],[-75.521538,5.174623],[-75.521908,5.174713],[-75.521994,5.174749],[-75.522057,5.174817],[-75.522102,5.174883],[-75.52212,5.174953],[-75.52214,5.175075],[-75.522136,5.175442],[-75.52207,5.17565],[-75.521417,5.176124],[-75.521252,5.176257],[-75.520743,5.177099],[-75.52065,5.177212],[-75.520493,5.177431],[-75.520419,5.177546],[-75.520258,5.178072],[-75.520199,5.17819],[-75.520032,5.178509],[-75.519959,5.1786],[-75.519588,5.178879],[-75.519564,5.17896],[-75.519576,5.179112],[-75.519647,5.179225],[-75.519818,5.179335],[-75.519902,5.179404],[-75.519963,5.179497],[-75.520141,5.180231],[-75.520206,5.180583],[-75.520175,5.180998],[-75.520078,5.181726],[-75.520105,5.181859],[-75.520162,5.181939],[-75.520234,5.181981],[-75.520349,5.181991],[-75.521178,5.181976],[-75.521274,5.181992],[-75.521457,5.182058],[-75.521581,5.182062],[-75.522173,5.181985],[-75.522263,5.181928],[-75.522316,5.181802],[-75.522313,5.181343],[-75.522372,5.180774],[-75.52238,5.180282],[-75.522384,5.180096],[-75.5224,5.179993],[-75.522417,5.179926],[-75.522459,5.17987],[-75.522533,5.179831],[-75.522825,5.179745],[-75.522941,5.179711],[-75.523038,5.179702],[-75.523123,5.17971],[-75.523203,5.179743],[-75.523388,5.179871],[-75.523474,5.179919],[-75.523563,5.179949],[-75.523657,5.179946],[-75.52378,5.179929],[-75.523946,5.179866],[-75.52405,5.179788],[-75.524166,5.179665],[-75.524229,5.17956],[-75.524287,5.179489],[-75.524371,5.17944],[-75.524445,5.17942],[-75.524523,5.179413],[-75.52461,5.179422],[-75.524719,5.179482],[-75.524802,5.179537],[-75.524848,5.179584],[-75.524987,5.179775],[-75.525029,5.179828],[-75.525069,5.179852],[-75.525113,5.179869],[-75.525159,5.179871],[-75.525208,5.179855],[-75.525244,5.17983],[-75.525277,5.179794],[-75.525307,5.17973],[-75.525368,5.179284],[-75.525365,5.179151],[-75.525361,5.17906],[-75.525342,5.178931],[-75.525317,5.178831],[-75.525277,5.178743],[-75.52527,5.178673],[-75.525281,5.178612],[-75.525304,5.17855],[-75.525369,5.178483],[-75.525478,5.178439],[-75.525548,5.178407],[-75.525576,5.178374],[-75.525599,5.178332],[-75.525607,5.178283],[-75.525597,5.178212],[-75.525576,5.178151],[-75.525495,5.177949],[-75.525459,5.177878],[-75.52544,5.177777],[-75.525462,5.177251],[-75.52547,5.177058],[-75.525491,5.176871],[-75.525521,5.176722],[-75.525625,5.176467],[-75.525662,5.176419],[-75.525694,5.176386],[-75.525727,5.17637],[-75.525772,5.176364],[-75.525839,5.176372],[-75.525904,5.176403],[-75.525958,5.176457],[-75.526009,5.176553],[-75.526045,5.176683],[-75.526053,5.176812],[-75.526036,5.177124],[-75.52603,5.177285],[-75.526041,5.177351],[-75.526061,5.177422],[-75.526117,5.177491],[-75.526215,5.177568],[-75.526803,5.17799],[-75.526838,5.178087],[-75.526827,5.178218],[-75.526693,5.178383],[-75.526639,5.178514],[-75.526653,5.178664],[-75.526725,5.178795],[-75.526934,5.179064],[-75.527012,5.179241],[-75.52706,5.179559],[-75.527117,5.179719],[-75.527213,5.17985],[-75.52749,5.18003],[-75.52764,5.180098],[-75.527709,5.18021],[-75.527723,5.180349],[-75.527632,5.180763],[-75.527632,5.180926],[-75.527717,5.181191],[-75.527884,5.181613],[-75.527966,5.181733],[-75.52809,5.181877],[-75.528369,5.182174],[-75.528545,5.182414],[-75.528595,5.182526],[-75.528584,5.182685],[-75.528546,5.182787],[-75.528412,5.182952],[-75.528379,5.183057],[-75.528401,5.183218],[-75.528489,5.18333],[-75.529154,5.183859],[-75.529214,5.184016],[-75.529213,5.184166],[-75.529052,5.184498],[-75.529016,5.184645],[-75.529026,5.184826],[-75.529088,5.185067],[-75.529367,5.185453],[-75.52946,5.185504],[-75.530118,5.185608],[-75.530664,5.185662],[-75.53074,5.185654],[-75.530794,5.185632],[-75.530845,5.185594],[-75.530907,5.185534],[-75.530987,5.185383],[-75.53111,5.185234],[-75.531216,5.185145],[-75.531339,5.185099],[-75.531514,5.185051],[-75.53192,5.184984],[-75.532,5.184983],[-75.532076,5.184991],[-75.532134,5.185012],[-75.532182,5.185061],[-75.532205,5.185124],[-75.532207,5.18523],[-75.532207,5.185393],[-75.532216,5.185494],[-75.532244,5.185584],[-75.532375,5.185762],[-75.532442,5.185821],[-75.532537,5.185861],[-75.532627,5.185865],[-75.532727,5.185843],[-75.533024,5.185695],[-75.533114,5.185674],[-75.533237,5.185676],[-75.533535,5.185772],[-75.533608,5.185775],[-75.533681,5.185752],[-75.533901,5.185619],[-75.533993,5.185584],[-75.534117,5.18557],[-75.534387,5.18558],[-75.534518,5.185589],[-75.534623,5.185609],[-75.534717,5.185642],[-75.534762,5.185674],[-75.534799,5.18571],[-75.534824,5.185751],[-75.534836,5.185809],[-75.534831,5.185869],[-75.534808,5.185922],[-75.534765,5.185964],[-75.5347,5.18601],[-75.533841,5.18634],[-75.533457,5.186492],[-75.533388,5.186541],[-75.533327,5.186619],[-75.533244,5.186759],[-75.533203,5.186808],[-75.533129,5.18686],[-75.532934,5.186931],[-75.532835,5.186971],[-75.532765,5.187026],[-75.532657,5.187161],[-75.53259,5.187209],[-75.532527,5.187241],[-75.532233,5.187297],[-75.532009,5.187335],[-75.531865,5.187369],[-75.531713,5.187407],[-75.531524,5.187435],[-75.531432,5.187469],[-75.531288,5.187546],[-75.531179,5.187631],[-75.531089,5.187746],[-75.531046,5.187857],[-75.531025,5.18795],[-75.531023,5.188056],[-75.531043,5.188163],[-75.531105,5.188286],[-75.531212,5.188466],[-75.531281,5.188566],[-75.53136,5.188654],[-75.531442,5.188725],[-75.531573,5.188746],[-75.531734,5.188703]]}},{"type":"Feature","properties":{"cls":"medium","kind":"secondary","name":"Filadelfia - Neira"},"geometry":{"type":"LineString","coordinates":[[-75.531853,5.188625],[-75.531933,5.188541],[-75.53219,5.188242],[-75.532305,5.188173],[-75.532449,5.188149],[-75.532712,5.188161],[-75.532904,5.188157],[-75.533131,5.188137],[-75.533385,5.188164],[-75.533978,5.188394],[-75.53453,5.18849],[-75.534655,5.188519],[-75.534823,5.18859],[-75.53489,5.188648],[-75.534939,5.188714],[-75.534969,5.188812],[-75.534992,5.188977],[-75.535004,5.189102],[-75.53502,5.189175],[-75.53505,5.189204],[-75.535092,5.189224],[-75.535152,5.189229],[-75.535226,5.189211],[-75.535399,5.189128],[-75.535579,5.189051],[-75.53583,5.188987],[-75.536064,5.188955],[-75.536271,5.188959],[-75.536398,5.188997],[-75.536575,5.189078],[-75.53669,5.18911],[-75.536837,5.189126],[-75.536939,5.189119],[-75.537033,5.189098],[-75.537135,5.189036],[-75.537327,5.188901],[-75.537462,5.188782],[-75.537705,5.188443],[-75.537825,5.188271],[-75.537922,5.188147],[-75.537986,5.188077],[-75.538107,5.188008],[-75.538189,5.187978],[-75.538287,5.187958],[-75.538427,5.187962],[-75.538579,5.187978],[-75.538689,5.188],[-75.538796,5.188018],[-75.538888,5.18804],[-75.538968,5.188028],[-75.539047,5.187993],[-75.539094,5.187928],[-75.539125,5.187829],[-75.539152,5.187636],[-75.53916,5.18757],[-75.539185,5.187511],[-75.539288,5.187296],[-75.539325,5.1872],[-75.53937,5.187082],[-75.539419,5.186969],[-75.539498,5.186881],[-75.539573,5.186826],[-75.539653,5.1868],[-75.539724,5.186804],[-75.539824,5.186839],[-75.539912,5.186874],[-75.540018,5.186896],[-75.540101,5.186906],[-75.540174,5.186907],[-75.540234,5.186899],[-75.540292,5.186882],[-75.54036,5.186852],[-75.540474,5.186821],[-75.540595,5.186822],[-75.54071,5.18684],[-75.540819,5.186859],[-75.540899,5.186909],[-75.540955,5.186973],[-75.541,5.187038],[-75.541067,5.18718],[-75.541102,5.187229],[-75.541142,5.187269],[-75.541209,5.187281],[-75.541264,5.187263],[-75.541335,5.187205],[-75.541462,5.187092],[-75.541551,5.187037],[-75.54165,5.18699],[-75.541794,5.18697],[-75.541917,5.186981],[-75.541985,5.186991],[-75.542046,5.187024],[-75.542093,5.187079],[-75.542157,5.187184],[-75.542195,5.187218],[-75.542227,5.187236],[-75.542271,5.187246],[-75.542306,5.187239],[-75.542339,5.18722],[-75.542403,5.187153],[-75.542558,5.186921],[-75.542659,5.186798],[-75.542724,5.186748],[-75.542841,5.186721],[-75.542952,5.186723],[-75.543073,5.186754],[-75.5432,5.186843],[-75.543486,5.187075],[-75.543573,5.187107],[-75.54369,5.1871],[-75.543801,5.187069],[-75.543958,5.186987],[-75.544041,5.186909],[-75.544083,5.186836],[-75.544121,5.18675],[-75.544141,5.186631],[-75.544149,5.186429],[-75.544175,5.186327],[-75.544233,5.186239],[-75.544332,5.186189],[-75.544428,5.186178],[-75.544535,5.186193],[-75.544626,5.186241],[-75.544782,5.186317],[-75.545171,5.186505],[-75.545301,5.186544],[-75.545439,5.186573],[-75.54641,5.186488],[-75.546635,5.186473],[-75.546765,5.186508],[-75.546864,5.186564],[-75.546981,5.18671],[-75.547043,5.186847],[-75.547112,5.187118],[-75.54715,5.187277],[-75.547177,5.187408],[-75.547204,5.187579],[-75.547232,5.18766],[-75.547311,5.187723],[-75.547398,5.187745],[-75.547496,5.187755],[-75.547736,5.187718],[-75.547873,5.187678],[-75.547983,5.187602],[-75.548093,5.187498],[-75.548542,5.18705],[-75.548587,5.186996],[-75.548622,5.186929],[-75.548737,5.186615],[-75.548772,5.18656],[-75.54902,5.186249],[-75.549106,5.186124],[-75.549164,5.185983],[-75.549191,5.185843],[-75.549244,5.185294],[-75.549261,5.185209],[-75.549284,5.18514],[-75.549321,5.185079],[-75.549377,5.185043],[-75.54943,5.185027],[-75.549482,5.185024],[-75.54953,5.185036],[-75.549573,5.185065],[-75.549607,5.185111],[-75.549624,5.185168],[-75.549612,5.185227],[-75.549584,5.185291],[-75.549486,5.185445],[-75.549466,5.185491],[-75.549457,5.185554],[-75.549466,5.185613],[-75.54953,5.18578],[-75.549568,5.185939],[-75.549571,5.186015],[-75.54956,5.186087],[-75.549528,5.186148],[-75.549203,5.186511],[-75.549154,5.1866],[-75.549133,5.186705],[-75.549135,5.186807],[-75.549148,5.186914],[-75.549199,5.187237],[-75.549195,5.187359],[-75.549182,5.187463],[-75.54912,5.187653],[-75.548995,5.187984],[-75.548943,5.188131],[-75.548927,5.188216],[-75.548935,5.188291],[-75.548945,5.188379],[-75.548973,5.188427],[-75.549034,5.188468],[-75.549095,5.18847],[-75.549156,5.188436],[-75.549191,5.188376],[-75.549215,5.188276],[-75.549289,5.188017],[-75.549323,5.18796],[-75.549347,5.187916],[-75.549526,5.187692],[-75.549588,5.187567],[-75.54963,5.187435],[-75.54987,5.186806],[-75.54996,5.186589],[-75.55005,5.186408],[-75.550139,5.186285],[-75.550272,5.186177],[-75.550394,5.186118],[-75.550519,5.18608],[-75.550606,5.186076],[-75.550687,5.186101],[-75.550756,5.186175],[-75.550818,5.186271],[-75.550944,5.186608],[-75.551196,5.187329],[-75.55125,5.187466],[-75.55133,5.187596],[-75.55145,5.187695],[-75.551663,5.187871],[-75.551746,5.188016],[-75.551764,5.188192],[-75.55177,5.188475],[-75.551796,5.188607],[-75.551853,5.1887],[-75.551977,5.18883],[-75.552479,5.189226],[-75.552566,5.189285],[-75.552647,5.189329],[-75.552742,5.189353],[-75.55286,5.189367],[-75.552927,5.18937],[-75.552974,5.189385],[-75.553004,5.189413],[-75.553019,5.189457],[-75.553021,5.189508],[-75.553009,5.189572],[-75.552945,5.189737],[-75.55293,5.189811],[-75.552934,5.18991],[-75.552966,5.19003],[-75.553031,5.190169],[-75.553173,5.19035],[-75.553274,5.190434],[-75.553503,5.190614],[-75.55362,5.19089],[-75.553673,5.191067],[-75.553777,5.191235],[-75.55401,5.19147],[-75.554116,5.191556],[-75.554218,5.191607],[-75.554318,5.191615],[-75.554409,5.191593],[-75.554605,5.191454],[-75.55465,5.19143],[-75.554694,5.19142],[-75.554757,5.191415],[-75.554821,5.191427],[-75.55487,5.191456],[-75.5549,5.191504],[-75.55493,5.19162],[-75.55496,5.19175],[-75.555004,5.192059],[-75.555012,5.192185],[-75.554996,5.19227],[-75.55478,5.19271],[-75.554767,5.192861],[-75.554787,5.192968],[-75.55487,5.19308],[-75.554909,5.193251],[-75.554891,5.193409],[-75.554781,5.193599],[-75.55453,5.193789],[-75.554398,5.19415],[-75.554243,5.194279],[-75.554073,5.194615],[-75.55403,5.194771],[-75.554082,5.194889],[-75.554236,5.194957],[-75.554306,5.19496],[-75.554671,5.194905],[-75.554802,5.194966],[-75.554923,5.195095],[-75.55493,5.19518],[-75.55491,5.19531],[-75.55485,5.19544],[-75.554547,5.195757],[-75.55422,5.196],[-75.55406,5.19613],[-75.5539,5.19632],[-75.553848,5.196426],[-75.553817,5.196517],[-75.553794,5.196622],[-75.553794,5.196763],[-75.553817,5.196831],[-75.553857,5.196893],[-75.554047,5.197043],[-75.554104,5.197083],[-75.554157,5.197151],[-75.554171,5.197233],[-75.55416,5.197307],[-75.554123,5.197361],[-75.554072,5.197395],[-75.553995,5.197413],[-75.553838,5.197417],[-75.553711,5.197438],[-75.55359,5.197485],[-75.553481,5.197552],[-75.553138,5.197983],[-75.552823,5.198206],[-75.551788,5.19871],[-75.551401,5.198839],[-75.5511,5.198919],[-75.550799,5.199079],[-75.550627,5.19929],[-75.550535,5.199574],[-75.550481,5.199805],[-75.550371,5.199977],[-75.550352,5.200124],[-75.550375,5.200248],[-75.550433,5.200339],[-75.550881,5.200848],[-75.551162,5.201032],[-75.551368,5.201303],[-75.551521,5.201792],[-75.551706,5.202245],[-75.552109,5.20308],[-75.552374,5.205422],[-75.552467,5.205721],[-75.552566,5.205857],[-75.553029,5.206231],[-75.553683,5.20626],[-75.553933,5.206364],[-75.554087,5.206489],[-75.554661,5.206958],[-75.554761,5.207093],[-75.55485,5.207391],[-75.554856,5.207414]]}},{"type":"Feature","properties":{"cls":"medium","kind":"secondary","name":"Filadelfia - Neira","bridge":1},"geometry":{"type":"LineString","coordinates":[[-75.531734,5.188703],[-75.531853,5.188625]]}},{"type":"Feature","properties":{"cls":"medium","kind":"secondary"},"geometry":{"type":"LineString","coordinates":[[-75.515634,5.159768],[-75.515992,5.159683],[-75.516129,5.159712],[-75.516264,5.159785],[-75.516342,5.159904],[-75.516401,5.160057],[-75.516426,5.160147],[-75.516422,5.16024],[-75.51616,5.161311],[-75.516173,5.161411],[-75.516203,5.161471],[-75.516308,5.16155],[-75.516424,5.161591],[-75.51688,5.161624],[-75.51734,5.161683],[-75.517468,5.161723],[-75.518302,5.162092],[-75.518354,5.162141],[-75.518379,5.162243],[-75.518316,5.162295],[-75.518218,5.162333],[-75.518048,5.162333],[-75.517628,5.162112],[-75.51752,5.162072],[-75.517425,5.162064],[-75.517266,5.162084],[-75.517164,5.162107],[-75.516989,5.162193],[-75.516691,5.162423],[-75.516606,5.162443],[-75.516504,5.162415],[-75.516284,5.162378],[-75.516144,5.162353],[-75.51602,5.162374],[-75.515944,5.162428],[-75.515913,5.162515],[-75.515931,5.162603],[-75.515999,5.1627],[-75.516318,5.162895],[-75.516546,5.163047],[-75.516671,5.163153],[-75.516806,5.163307],[-75.516974,5.163568],[-75.517397,5.164258],[-75.517507,5.164338],[-75.517716,5.164444],[-75.518011,5.164549],[-75.518242,5.164679],[-75.518323,5.164749],[-75.518371,5.164813],[-75.518391,5.164911]]}},{"type":"Feature","properties":{"cls":"medium","kind":"secondary"},"geometry":{"type":"LineString","coordinates":[[-75.508098,5.141583],[-75.508182,5.141566],[-75.508296,5.141582],[-75.508395,5.141602],[-75.509347,5.142117],[-75.509428,5.142186],[-75.509454,5.142243],[-75.509475,5.142332],[-75.509471,5.142414],[-75.509334,5.142739],[-75.509315,5.142851],[-75.509314,5.142965],[-75.509343,5.14308],[-75.509381,5.143186],[-75.509448,5.143295],[-75.509873,5.143953],[-75.509996,5.144169],[-75.510023,5.144241],[-75.510038,5.144306],[-75.51004,5.144394],[-75.510015,5.144487],[-75.509985,5.144558],[-75.50989,5.144757],[-75.509828,5.144903],[-75.509813,5.144989],[-75.509818,5.145076],[-75.509827,5.145141],[-75.509857,5.14521],[-75.509937,5.145308],[-75.510294,5.145644],[-75.510374,5.145739],[-75.510415,5.145816],[-75.510436,5.145928],[-75.51043,5.146008],[-75.510401,5.1461],[-75.510367,5.146151],[-75.510313,5.146212],[-75.510079,5.146304],[-75.510006,5.146343],[-75.509952,5.14638],[-75.509914,5.146413],[-75.509886,5.146456],[-75.509865,5.146507],[-75.509851,5.146569],[-75.50985,5.14665],[-75.509865,5.146705],[-75.50989,5.146752],[-75.509937,5.146791],[-75.510008,5.146837],[-75.510616,5.147087],[-75.510707,5.147169],[-75.510753,5.147234],[-75.510796,5.147347],[-75.510803,5.147417],[-75.510782,5.14785],[-75.510784,5.14799],[-75.510823,5.148077],[-75.510861,5.148128],[-75.510924,5.148171],[-75.510977,5.148199],[-75.511048,5.148224],[-75.511308,5.148239],[-75.511382,5.148263],[-75.511455,5.148311],[-75.511509,5.148396],[-75.511525,5.148479],[-75.51152,5.148564],[-75.5115,5.148629],[-75.511335,5.148915],[-75.511312,5.148995],[-75.511306,5.14906],[-75.511316,5.14914],[-75.511339,5.149194],[-75.511363,5.149248],[-75.511629,5.149538],[-75.511647,5.149584],[-75.51167,5.149642],[-75.511675,5.149728],[-75.511665,5.149786],[-75.511639,5.149834],[-75.511595,5.14988],[-75.51132,5.150036],[-75.511223,5.150127],[-75.511179,5.150202],[-75.511164,5.150288],[-75.511184,5.150383],[-75.511228,5.150448],[-75.511565,5.150678],[-75.51161,5.15073],[-75.511635,5.150785],[-75.511638,5.150873],[-75.511637,5.150917],[-75.511622,5.150957],[-75.511548,5.151086],[-75.51147,5.1512],[-75.511388,5.151332],[-75.511379,5.15138],[-75.511377,5.151439],[-75.511399,5.151539],[-75.511432,5.151629],[-75.511584,5.152002],[-75.5116,5.15208],[-75.511604,5.152168],[-75.511592,5.152244],[-75.511556,5.152302],[-75.511512,5.152356],[-75.511451,5.152409],[-75.511386,5.152455],[-75.511312,5.15249],[-75.511209,5.152501],[-75.510547,5.152455],[-75.510319,5.152424],[-75.510254,5.152407],[-75.510188,5.152377],[-75.510131,5.152335],[-75.510081,5.15228],[-75.510021,5.152189],[-75.509454,5.150897],[-75.509411,5.150818],[-75.509364,5.150755],[-75.509316,5.150703],[-75.509265,5.150668],[-75.509176,5.150634],[-75.509082,5.15064],[-75.509033,5.15066],[-75.508972,5.150705],[-75.508918,5.150765],[-75.508899,5.150819],[-75.508888,5.150908],[-75.508903,5.150969],[-75.508942,5.151065],[-75.509101,5.151334],[-75.509181,5.151499],[-75.509498,5.152284],[-75.509624,5.15255],[-75.509649,5.152629],[-75.509653,5.152682],[-75.509645,5.152739],[-75.509625,5.152806],[-75.509355,5.153328],[-75.509307,5.153433],[-75.509287,5.153493],[-75.509285,5.153564],[-75.509295,5.153622],[-75.509314,5.153697],[-75.509347,5.153779],[-75.509737,5.15439],[-75.509777,5.154448],[-75.509796,5.154463],[-75.509821,5.154479],[-75.509886,5.154498],[-75.510194,5.154593],[-75.510293,5.154648],[-75.510361,5.154707],[-75.510402,5.154776],[-75.510434,5.154888],[-75.510444,5.15495],[-75.51045,5.15502],[-75.510456,5.155323],[-75.510477,5.155481],[-75.51052,5.155567],[-75.510574,5.155626],[-75.510675,5.155695],[-75.510769,5.15572],[-75.510885,5.155727],[-75.510999,5.155711],[-75.511551,5.155554],[-75.511657,5.155543],[-75.511787,5.155563],[-75.511893,5.155609],[-75.511967,5.155659],[-75.512487,5.156045],[-75.513408,5.156724],[-75.514009,5.157312],[-75.514052,5.157344],[-75.514653,5.158061],[-75.514931,5.158359],[-75.515083,5.158569],[-75.515178,5.158777],[-75.5152,5.158916],[-75.51518,5.159448],[-75.515199,5.159533],[-75.515255,5.159642],[-75.515303,5.159704],[-75.515403,5.159776],[-75.515474,5.159785],[-75.515634,5.159768]]}},{"type":"Feature","properties":{"cls":"medium","kind":"tertiary"},"geometry":{"type":"LineString","coordinates":[[-75.501617,5.151454],[-75.501609,5.151605],[-75.501602,5.151684],[-75.501587,5.151751],[-75.501571,5.151808],[-75.501544,5.151862],[-75.501495,5.151935],[-75.500975,5.152435],[-75.500947,5.152471],[-75.500934,5.152504],[-75.500927,5.152559],[-75.500933,5.152629],[-75.500988,5.153],[-75.50099,5.153041],[-75.500992,5.153085],[-75.500986,5.153154],[-75.50095,5.153344],[-75.500946,5.153376],[-75.500947,5.153416],[-75.500952,5.153446],[-75.500964,5.153483],[-75.500983,5.153515],[-75.501,5.153535],[-75.501046,5.15357],[-75.501232,5.153698],[-75.501275,5.153748],[-75.501303,5.153791],[-75.501312,5.153814],[-75.501317,5.153838],[-75.501315,5.153864],[-75.501311,5.15389],[-75.501291,5.15395],[-75.501276,5.154003],[-75.50126,5.154088],[-75.501259,5.154198],[-75.501267,5.154345],[-75.501323,5.154649],[-75.501539,5.155405],[-75.501565,5.155469],[-75.501574,5.1555],[-75.501581,5.155539],[-75.501577,5.155577],[-75.501569,5.155604],[-75.501555,5.155642],[-75.501538,5.155679],[-75.501517,5.155712],[-75.501483,5.155753],[-75.501182,5.156149],[-75.501129,5.156226],[-75.501075,5.156288],[-75.50102,5.156335],[-75.500938,5.156392],[-75.500635,5.156534],[-75.500362,5.156607],[-75.500279,5.156641],[-75.500077,5.156781],[-75.499993,5.156868],[-75.499929,5.156905],[-75.499608,5.157002],[-75.499538,5.157042],[-75.499507,5.157103],[-75.499491,5.157256],[-75.499507,5.157395],[-75.499484,5.157443],[-75.499458,5.157477],[-75.499356,5.157552],[-75.499226,5.157586],[-75.499122,5.157606],[-75.499025,5.157581],[-75.498835,5.157531],[-75.498693,5.157531],[-75.498543,5.157566],[-75.4982,5.157771],[-75.498063,5.157798],[-75.497934,5.157737],[-75.497784,5.157635],[-75.497658,5.157622],[-75.497489,5.157675],[-75.497333,5.157641],[-75.497164,5.157523],[-75.496982,5.157486],[-75.49682,5.157544],[-75.496116,5.157926],[-75.495786,5.158015],[-75.495448,5.158047],[-75.495096,5.157998],[-75.494421,5.157731],[-75.494128,5.157739],[-75.494099,5.157739],[-75.493594,5.157924],[-75.492991,5.158194],[-75.492655,5.158483],[-75.491296,5.159292],[-75.491198,5.159344],[-75.491056,5.15937],[-75.490944,5.159378],[-75.490821,5.159401],[-75.490747,5.159445],[-75.490668,5.159543],[-75.490472,5.159864],[-75.490454,5.159938],[-75.490454,5.160007],[-75.49047,5.160065],[-75.490509,5.160165],[-75.490641,5.160411],[-75.490695,5.160588],[-75.490688,5.160751],[-75.490656,5.160881],[-75.490625,5.161076],[-75.490612,5.16196],[-75.490679,5.162128],[-75.491164,5.162973],[-75.491325,5.163568],[-75.49131,5.163859],[-75.491224,5.164048],[-75.490977,5.164244],[-75.490563,5.164388],[-75.490419,5.164543],[-75.489794,5.165397],[-75.489647,5.165515],[-75.489461,5.165601],[-75.488929,5.165795],[-75.488682,5.166008],[-75.48853,5.166253],[-75.488479,5.166547],[-75.488428,5.166688],[-75.488348,5.166782],[-75.487789,5.167044],[-75.487698,5.167148],[-75.487617,5.167328],[-75.487423,5.167868],[-75.487356,5.168147],[-75.487396,5.168513],[-75.487592,5.169381],[-75.48768,5.169544],[-75.488168,5.169865],[-75.488559,5.169917],[-75.488667,5.169993],[-75.488728,5.170101],[-75.488724,5.170247],[-75.488627,5.170385],[-75.488361,5.170615],[-75.488139,5.17084],[-75.48801,5.171067],[-75.487952,5.171117],[-75.487865,5.171152],[-75.487787,5.171137],[-75.487716,5.171073],[-75.487661,5.170994],[-75.487635,5.17089],[-75.487624,5.170757],[-75.487657,5.170631],[-75.487675,5.170474],[-75.487527,5.170287],[-75.487347,5.170201],[-75.487082,5.170215],[-75.486895,5.170212],[-75.486762,5.170158],[-75.486661,5.170066],[-75.486582,5.169969],[-75.486522,5.16991],[-75.486444,5.169844],[-75.486359,5.169809],[-75.486297,5.169821],[-75.486244,5.169848],[-75.485989,5.169961],[-75.485835,5.169968],[-75.48574,5.169868],[-75.485637,5.169701],[-75.485593,5.169628],[-75.485532,5.169601],[-75.48548,5.169603],[-75.485419,5.169651],[-75.485382,5.169945],[-75.485366,5.170005],[-75.485323,5.170043],[-75.484613,5.170725],[-75.484504,5.170795],[-75.484399,5.170829],[-75.48386,5.170937],[-75.483214,5.171334],[-75.48309,5.171511],[-75.482527,5.172401],[-75.482364,5.172525],[-75.482149,5.172648],[-75.481583,5.172763],[-75.480991,5.172768],[-75.480462,5.172883],[-75.480245,5.172961],[-75.480111,5.173055],[-75.479752,5.173447],[-75.479183,5.174152],[-75.478323,5.174847],[-75.478182,5.174956],[-75.477979,5.17502],[-75.476954,5.175274],[-75.476123,5.175586],[-75.475981,5.175685],[-75.475736,5.175696],[-75.475334,5.175736],[-75.475138,5.175765],[-75.474902,5.175693],[-75.474741,5.175693],[-75.474631,5.175728],[-75.474542,5.175777],[-75.474463,5.175885],[-75.474374,5.176075],[-75.474352,5.176523],[-75.474286,5.176684],[-75.474164,5.17682],[-75.473833,5.177192],[-75.473791,5.177328],[-75.473785,5.177475],[-75.473794,5.177629],[-75.47389,5.177986],[-75.473902,5.178111],[-75.473859,5.178227],[-75.473754,5.178355],[-75.473634,5.178434],[-75.473364,5.178544],[-75.473287,5.178618],[-75.47321,5.178834],[-75.47315,5.178941],[-75.473042,5.179038],[-75.472951,5.179066],[-75.472814,5.17908],[-75.472131,5.179021],[-75.472045,5.179049],[-75.471952,5.179109],[-75.471633,5.179392],[-75.471536,5.179492],[-75.471391,5.179511],[-75.471249,5.179422],[-75.47119,5.179326],[-75.471169,5.179211],[-75.471152,5.179038],[-75.471106,5.178992],[-75.471032,5.178953],[-75.470813,5.178924],[-75.470733,5.178893],[-75.470544,5.178795],[-75.470313,5.178805],[-75.470058,5.178763],[-75.469897,5.17876],[-75.469739,5.178805],[-75.46946,5.178928],[-75.469143,5.17896],[-75.468698,5.178995],[-75.468492,5.178995],[-75.468347,5.179032],[-75.468194,5.179179],[-75.467959,5.179277],[-75.46773,5.179396],[-75.467601,5.179511],[-75.467362,5.17989],[-75.467231,5.180023],[-75.466938,5.180166],[-75.466565,5.180473],[-75.466482,5.180521],[-75.466394,5.180524],[-75.465827,5.180481],[-75.465685,5.180515],[-75.465554,5.180578],[-75.465289,5.180702],[-75.465218,5.180716],[-75.464863,5.180737],[-75.464737,5.180688],[-75.4645,5.180582],[-75.464326,5.180587],[-75.462682,5.181404],[-75.462577,5.181511],[-75.462459,5.181672],[-75.462339,5.181744],[-75.461891,5.181877],[-75.4617,5.18192],[-75.461593,5.181896]]}},{"type":"Feature","properties":{"cls":"minor","kind":"unclassified"},"geometry":{"type":"LineString","coordinates":[[-75.519377,5.154838],[-75.519554,5.155216],[-75.519595,5.155384],[-75.519615,5.155601],[-75.519601,5.155765],[-75.519562,5.155984],[-75.519523,5.156481],[-75.519524,5.1568],[-75.519531,5.157119],[-75.519499,5.157458],[-75.519488,5.157858],[-75.519469,5.158168],[-75.519471,5.158301],[-75.519491,5.158431],[-75.519664,5.158819],[-75.519723,5.158919],[-75.519908,5.15917],[-75.519954,5.159312],[-75.519945,5.15943],[-75.519896,5.15954],[-75.51982,5.159602],[-75.519674,5.15964],[-75.519577,5.159637],[-75.519465,5.159606],[-75.519351,5.159556],[-75.518645,5.159118],[-75.518539,5.159077],[-75.518399,5.159052],[-75.518135,5.159095],[-75.518048,5.159078],[-75.517992,5.159052],[-75.517738,5.158853],[-75.517647,5.158833],[-75.51755,5.158845],[-75.517453,5.158836],[-75.517361,5.158803],[-75.517314,5.158768],[-75.51709,5.158434],[-75.516998,5.158311],[-75.516843,5.158237],[-75.51665,5.158187],[-75.516513,5.158136],[-75.516382,5.158066],[-75.51619,5.15791],[-75.516032,5.157675],[-75.515861,5.15756],[-75.515665,5.157506],[-75.515414,5.15749],[-75.51502,5.157283],[-75.514698,5.157129],[-75.514561,5.157104],[-75.514426,5.157123],[-75.514297,5.157179],[-75.514052,5.157344]]}},{"type":"Feature","properties":{"cls":"medium","kind":"tertiary"},"geometry":{"type":"LineString","coordinates":[[-75.501617,5.151454],[-75.501657,5.151129],[-75.501644,5.151032],[-75.501608,5.150959],[-75.501544,5.150875],[-75.501467,5.150826],[-75.501392,5.150793],[-75.501307,5.150754],[-75.501254,5.15071],[-75.501223,5.150674],[-75.501194,5.150622],[-75.50117,5.150544],[-75.501161,5.150479],[-75.501145,5.150389],[-75.501152,5.150309],[-75.501227,5.150043],[-75.501241,5.14992],[-75.501236,5.149781],[-75.501217,5.149629],[-75.501227,5.14957],[-75.501247,5.149525],[-75.501303,5.149439],[-75.501373,5.149359],[-75.501491,5.14925],[-75.501536,5.149207],[-75.501587,5.14914],[-75.501641,5.14906],[-75.501668,5.148996],[-75.501691,5.1489],[-75.501704,5.148769],[-75.501716,5.14873],[-75.501738,5.148695],[-75.501791,5.148657],[-75.501829,5.148648],[-75.501868,5.148642],[-75.501909,5.148647],[-75.501956,5.148661],[-75.50208,5.148708],[-75.502227,5.148804],[-75.502325,5.148903],[-75.502564,5.149178],[-75.502958,5.149683],[-75.503103,5.149817],[-75.503275,5.149945],[-75.503313,5.149975],[-75.503357,5.150026],[-75.503399,5.150097],[-75.503457,5.150256],[-75.50348,5.150337],[-75.503517,5.150412],[-75.503563,5.150465],[-75.503611,5.150503],[-75.503907,5.150651],[-75.503956,5.150678],[-75.504003,5.15072],[-75.504064,5.150799],[-75.504228,5.151054],[-75.504281,5.151127],[-75.504346,5.151197],[-75.504419,5.151255],[-75.504494,5.151296],[-75.504872,5.151423],[-75.504947,5.15144],[-75.505035,5.151454],[-75.505913,5.151539],[-75.506018,5.151563],[-75.506112,5.151607],[-75.506197,5.151675],[-75.506258,5.151744],[-75.506312,5.151821],[-75.506344,5.151892],[-75.50636,5.151966],[-75.506388,5.152434],[-75.506391,5.152466],[-75.506397,5.152495],[-75.506406,5.152521],[-75.50642,5.152548],[-75.506441,5.152572],[-75.506472,5.152597],[-75.506528,5.15263],[-75.506594,5.152662],[-75.506679,5.152698],[-75.506753,5.152737],[-75.506885,5.152825],[-75.506946,5.15286],[-75.506998,5.15288],[-75.507058,5.152887],[-75.50712,5.152869],[-75.507167,5.152838],[-75.507211,5.152795],[-75.50734,5.152575],[-75.507354,5.15254],[-75.507363,5.152505],[-75.5074,5.152264],[-75.507412,5.152223],[-75.507432,5.152182],[-75.507458,5.152143],[-75.507778,5.151754],[-75.507813,5.151695],[-75.507836,5.151632],[-75.507844,5.151561],[-75.507835,5.151264],[-75.507847,5.150873],[-75.50787,5.15076],[-75.507902,5.150702],[-75.507956,5.150652],[-75.508017,5.150622],[-75.508094,5.150619],[-75.508184,5.150644],[-75.508275,5.150684],[-75.508365,5.150748],[-75.508449,5.150822],[-75.508538,5.150922],[-75.508844,5.151403],[-75.509023,5.151657],[-75.509232,5.152009],[-75.509317,5.152147],[-75.509354,5.152194],[-75.509406,5.152232],[-75.509498,5.152284]]}},{"type":"Feature","properties":{"cls":"minor","kind":"residential","name":"Calle 12"},"geometry":{"type":"LineString","coordinates":[[-75.519387,5.168495],[-75.519462,5.168521],[-75.520069,5.168512],[-75.520741,5.168467]]}},{"type":"Feature","properties":{"cls":"minor","kind":"residential","name":"Carrera 6"},"geometry":{"type":"LineString","coordinates":[[-75.518952,5.16792],[-75.518817,5.168051],[-75.51878,5.168165],[-75.518773,5.168254],[-75.518788,5.168321],[-75.518825,5.168383],[-75.518878,5.168425],[-75.518964,5.168457],[-75.519134,5.168492],[-75.519302,5.16855]]}},{"type":"Feature","properties":{"cls":"minor","kind":"unclassified"},"geometry":{"type":"LineString","coordinates":[[-75.547983,5.166512],[-75.547972,5.166451],[-75.547923,5.166399],[-75.547867,5.16637],[-75.54784,5.166361],[-75.54778,5.166365],[-75.547744,5.166379],[-75.547719,5.1664],[-75.547689,5.166441],[-75.547654,5.166489],[-75.547544,5.166616],[-75.547375,5.166742],[-75.547208,5.166852],[-75.547157,5.166867],[-75.547125,5.166865],[-75.547098,5.166848],[-75.547084,5.166829],[-75.547082,5.166799],[-75.547088,5.166768],[-75.547122,5.16671],[-75.547219,5.166556],[-75.547247,5.166501],[-75.54725,5.166459],[-75.547238,5.166427],[-75.54721,5.1664],[-75.547167,5.166402],[-75.547143,5.166421],[-75.547104,5.166465],[-75.547065,5.166481],[-75.547022,5.166481],[-75.546972,5.166468],[-75.546925,5.166432],[-75.546798,5.166278],[-75.546497,5.165705],[-75.546435,5.165617],[-75.546343,5.16554],[-75.546028,5.165353],[-75.545939,5.165315],[-75.545862,5.165298],[-75.545688,5.165279],[-75.545488,5.165275],[-75.545388,5.165291],[-75.545231,5.165319],[-75.545194,5.165321],[-75.545153,5.165313],[-75.5451,5.165298],[-75.545049,5.165271],[-75.544996,5.165233],[-75.544935,5.165197],[-75.544869,5.165176],[-75.54481,5.16517],[-75.544739,5.165184],[-75.544687,5.165198],[-75.544619,5.165208],[-75.544558,5.165212],[-75.54449,5.165216],[-75.544449,5.16521],[-75.544413,5.165191],[-75.544385,5.165174],[-75.544351,5.16515],[-75.54431,5.165136],[-75.544249,5.165132],[-75.544147,5.165124],[-75.543922,5.165115],[-75.543851,5.165092],[-75.543789,5.16506],[-75.543743,5.165011],[-75.543711,5.164957],[-75.543685,5.164913],[-75.543646,5.164846],[-75.543595,5.164761]]}},{"type":"Feature","properties":{"cls":"minor","kind":"unclassified"},"geometry":{"type":"LineString","coordinates":[[-75.531356,5.165543],[-75.531614,5.165577],[-75.531685,5.165573],[-75.531753,5.165539],[-75.531799,5.165484],[-75.531938,5.165197],[-75.532003,5.165125],[-75.532088,5.165082],[-75.532201,5.165071],[-75.532449,5.165121],[-75.532623,5.165133],[-75.533099,5.165151],[-75.533262,5.165129],[-75.533426,5.165048],[-75.533587,5.164966],[-75.533672,5.16488],[-75.533804,5.1647],[-75.533848,5.164641],[-75.533913,5.164617],[-75.534004,5.16462],[-75.534613,5.164769],[-75.5348,5.16481],[-75.534968,5.16483],[-75.535018,5.164842],[-75.535074,5.16485],[-75.535124,5.164847],[-75.535172,5.164836],[-75.535228,5.164807],[-75.53532,5.164756],[-75.535406,5.164721],[-75.535545,5.164662],[-75.535658,5.16461],[-75.53594,5.164517],[-75.53601,5.164506],[-75.536082,5.164503],[-75.536145,5.164513],[-75.536239,5.164521],[-75.536355,5.16451],[-75.536456,5.164492],[-75.536487,5.164494],[-75.536509,5.164498],[-75.536536,5.16451],[-75.536558,5.164529],[-75.536577,5.164585],[-75.536602,5.164705],[-75.536636,5.164806],[-75.536653,5.16486],[-75.53668,5.164893],[-75.536719,5.164909],[-75.536775,5.164905],[-75.536829,5.164896],[-75.537066,5.1648],[-75.537207,5.164692],[-75.537266,5.164639],[-75.537309,5.164582],[-75.537359,5.164497],[-75.53739,5.164439],[-75.537439,5.16435],[-75.537471,5.164281],[-75.537508,5.164231],[-75.537546,5.164219],[-75.537581,5.164223],[-75.537616,5.164229],[-75.53768,5.164257],[-75.537847,5.164344],[-75.537943,5.164405],[-75.538024,5.164463],[-75.538168,5.164622],[-75.538208,5.164655],[-75.538257,5.164676],[-75.538304,5.164694],[-75.538359,5.164708],[-75.538423,5.164706],[-75.538462,5.164702],[-75.538505,5.164692],[-75.538549,5.164687],[-75.538574,5.1647],[-75.538592,5.164721],[-75.538596,5.164756],[-75.538597,5.164802],[-75.538591,5.164846],[-75.53857,5.164917],[-75.538529,5.164995],[-75.538497,5.165041],[-75.538475,5.16507],[-75.538437,5.165108],[-75.538396,5.165131],[-75.538358,5.165149],[-75.538315,5.165153],[-75.538276,5.16515],[-75.538237,5.165137],[-75.53818,5.165082],[-75.538145,5.165062],[-75.538117,5.165054],[-75.538083,5.165062],[-75.538062,5.165084],[-75.538048,5.165112],[-75.538053,5.165147],[-75.538068,5.165206],[-75.538092,5.16525],[-75.538161,5.165314],[-75.538201,5.165359],[-75.538216,5.165398],[-75.538219,5.165427],[-75.538201,5.16546],[-75.538166,5.165474],[-75.538128,5.165467],[-75.538069,5.165432],[-75.53803,5.165412],[-75.538001,5.165408],[-75.53797,5.165415],[-75.537953,5.165439],[-75.537943,5.165476],[-75.537943,5.165521],[-75.53793,5.165617],[-75.537925,5.165656],[-75.537909,5.165684],[-75.537887,5.165706],[-75.537855,5.165721],[-75.537808,5.165725],[-75.537656,5.165695],[-75.537612,5.165696],[-75.537586,5.165715],[-75.537576,5.16574],[-75.537576,5.165774],[-75.537594,5.165801],[-75.537686,5.165855],[-75.537731,5.165874],[-75.53779,5.165888],[-75.537849,5.165909],[-75.537902,5.16594],[-75.537969,5.165983]]}},{"type":"Feature","properties":{"cls":"minor","kind":"unclassified"},"geometry":{"type":"LineString","coordinates":[[-75.523308,5.164006],[-75.523122,5.163797],[-75.523004,5.163608],[-75.522854,5.163181],[-75.522795,5.163063],[-75.522754,5.163019],[-75.522666,5.162964],[-75.522416,5.162825],[-75.522337,5.162778],[-75.522276,5.1627],[-75.521862,5.161901],[-75.521814,5.161818],[-75.521661,5.161663],[-75.521516,5.161547],[-75.521401,5.16142],[-75.521157,5.161327],[-75.520873,5.161248],[-75.520791,5.161188],[-75.520733,5.161095],[-75.520648,5.160816],[-75.520554,5.160633]]}},{"type":"Feature","properties":{"cls":"minor","kind":"unclassified"},"geometry":{"type":"LineString","coordinates":[[-75.543595,5.164761],[-75.543561,5.164752],[-75.543523,5.164747],[-75.543477,5.164753],[-75.543431,5.164782],[-75.5434,5.164809],[-75.543378,5.164832],[-75.543347,5.164859],[-75.543326,5.164878],[-75.54329,5.164897],[-75.543259,5.164899],[-75.543221,5.164895],[-75.543168,5.164898],[-75.543128,5.164914],[-75.543073,5.164945],[-75.543006,5.164995],[-75.542515,5.165256],[-75.542448,5.165293],[-75.542374,5.165366],[-75.542323,5.165419],[-75.542296,5.165444],[-75.542258,5.165464],[-75.542205,5.165479],[-75.542158,5.165487],[-75.542108,5.16549],[-75.542065,5.165489],[-75.542015,5.165488],[-75.541962,5.165489],[-75.541914,5.165498],[-75.541881,5.165522],[-75.541837,5.165566],[-75.54173,5.165724]]}},{"type":"Feature","properties":{"cls":"minor","kind":"unclassified"},"geometry":{"type":"LineString","coordinates":[[-75.54173,5.165724],[-75.541622,5.165829],[-75.541548,5.165901],[-75.541528,5.165934],[-75.541519,5.165973],[-75.541515,5.166051],[-75.541518,5.166104],[-75.541514,5.166143],[-75.541501,5.16618],[-75.541471,5.16621],[-75.541429,5.166212],[-75.541393,5.16621],[-75.541359,5.166197],[-75.541139,5.166098],[-75.541076,5.166081],[-75.541008,5.166082],[-75.540943,5.166102],[-75.540863,5.166163],[-75.540748,5.166286],[-75.540528,5.166565],[-75.540478,5.166611],[-75.540391,5.166656],[-75.539679,5.166959],[-75.53962,5.166973],[-75.539562,5.166975],[-75.539527,5.166968],[-75.539491,5.166943],[-75.53946,5.166923],[-75.539433,5.166891],[-75.539331,5.166747],[-75.539303,5.166717],[-75.539262,5.166682],[-75.539217,5.166662],[-75.539181,5.166655],[-75.539126,5.166632],[-75.539063,5.166609],[-75.538988,5.166557],[-75.538926,5.166479],[-75.538892,5.166426],[-75.538858,5.166386],[-75.538791,5.166317],[-75.538707,5.166257],[-75.538626,5.166215],[-75.538535,5.166186],[-75.538499,5.166174],[-75.538467,5.166155],[-75.538428,5.166128],[-75.538375,5.166103],[-75.538329,5.166089],[-75.538281,5.166083],[-75.538222,5.166075],[-75.538157,5.16606],[-75.538073,5.166035],[-75.537969,5.165983]]}},{"type":"Feature","properties":{"cls":"minor","kind":"unclassified"},"geometry":{"type":"LineString","coordinates":[[-75.549822,5.167399],[-75.549745,5.167471],[-75.549683,5.16755],[-75.549642,5.167601],[-75.549621,5.167659],[-75.549599,5.167732],[-75.5496,5.167819],[-75.549608,5.167951],[-75.549598,5.168033],[-75.549586,5.168082],[-75.549556,5.168139],[-75.549506,5.168203],[-75.549446,5.16826],[-75.549363,5.168302],[-75.549213,5.168343],[-75.549142,5.168367],[-75.549065,5.168422],[-75.549028,5.168471],[-75.549019,5.168536],[-75.549039,5.168594],[-75.549083,5.16868],[-75.549146,5.168761],[-75.549276,5.168938],[-75.549312,5.169032],[-75.549329,5.169126],[-75.549328,5.169222],[-75.5493,5.169316],[-75.54925,5.169398],[-75.54886,5.169735],[-75.548734,5.169792],[-75.548615,5.169823],[-75.548499,5.169826],[-75.548383,5.169799],[-75.548271,5.169755],[-75.548179,5.169732],[-75.548081,5.16973],[-75.547854,5.169726],[-75.547768,5.169714],[-75.547685,5.16969],[-75.54757,5.16964],[-75.547496,5.16958],[-75.547424,5.169547],[-75.547349,5.169548],[-75.547284,5.169579],[-75.547224,5.169652],[-75.547196,5.169736],[-75.547198,5.169841],[-75.547243,5.170018],[-75.547292,5.170125],[-75.547344,5.1702],[-75.547433,5.170267],[-75.547617,5.170335],[-75.547992,5.170478],[-75.548218,5.170532],[-75.548568,5.170553],[-75.548742,5.170587],[-75.548934,5.170681],[-75.54902,5.170776],[-75.549048,5.170866],[-75.549057,5.170965],[-75.549045,5.171059],[-75.549013,5.171159],[-75.548967,5.171224],[-75.548915,5.171256],[-75.548851,5.171278],[-75.548755,5.171275],[-75.548499,5.171235],[-75.548357,5.171247],[-75.548283,5.171294],[-75.548255,5.17137],[-75.548243,5.171458],[-75.548285,5.171545],[-75.548358,5.171629],[-75.548409,5.171705],[-75.54845,5.171795],[-75.548455,5.171883],[-75.548436,5.171953],[-75.548389,5.17202],[-75.54829,5.172092],[-75.548226,5.172156],[-75.548223,5.172226],[-75.548244,5.172287],[-75.548306,5.172381],[-75.548409,5.172485],[-75.548505,5.172619],[-75.54854,5.172735],[-75.548547,5.172826],[-75.548562,5.172954],[-75.548541,5.173053],[-75.548501,5.173144],[-75.548431,5.173214],[-75.548376,5.173245],[-75.548282,5.173294],[-75.548228,5.17333],[-75.548164,5.1734],[-75.548102,5.17344],[-75.548034,5.173464],[-75.547924,5.173468],[-75.547829,5.173452],[-75.547622,5.173379],[-75.547555,5.173372],[-75.547519,5.173381],[-75.547485,5.173395],[-75.54745,5.173429],[-75.547443,5.17348],[-75.547447,5.17352],[-75.547489,5.173615],[-75.54763,5.173985],[-75.54768,5.17408],[-75.547715,5.174147],[-75.54777,5.174212],[-75.547841,5.174262],[-75.547944,5.174311],[-75.548119,5.174439],[-75.548279,5.174597],[-75.548325,5.174661],[-75.54834,5.174753],[-75.548341,5.174837],[-75.548317,5.174931],[-75.548151,5.175249],[-75.548081,5.175366],[-75.547943,5.175504],[-75.547719,5.175703],[-75.54767,5.175765],[-75.547644,5.175826],[-75.547635,5.175966],[-75.547644,5.176018],[-75.547677,5.17609],[-75.547763,5.176194],[-75.547921,5.176325],[-75.547996,5.176439],[-75.548029,5.176511],[-75.548027,5.176583],[-75.548019,5.176664],[-75.548008,5.176746],[-75.548002,5.176846],[-75.547995,5.17703],[-75.547994,5.177181],[-75.547979,5.177328],[-75.547944,5.177438],[-75.547893,5.177544],[-75.547797,5.177713],[-75.547778,5.177818],[-75.547778,5.177928],[-75.547792,5.17807],[-75.547792,5.178134],[-75.547774,5.17818],[-75.547729,5.178211],[-75.547668,5.178231],[-75.547535,5.178255],[-75.547475,5.178222],[-75.547393,5.178171],[-75.547261,5.178065],[-75.547083,5.177889],[-75.547013,5.177844],[-75.54684,5.177769],[-75.546606,5.177691],[-75.546493,5.177634],[-75.546408,5.177574],[-75.546317,5.1775],[-75.546238,5.177455],[-75.546184,5.177452],[-75.546138,5.17746],[-75.546075,5.177498],[-75.545977,5.177582],[-75.545613,5.17795],[-75.545444,5.178053],[-75.54533,5.178081],[-75.545211,5.178087],[-75.545098,5.178025],[-75.54504,5.177991],[-75.544719,5.177682],[-75.544637,5.177613],[-75.544562,5.177593],[-75.54448,5.177601],[-75.544429,5.177678],[-75.544404,5.177758],[-75.544416,5.177852],[-75.544442,5.178067],[-75.544623,5.179031],[-75.544656,5.179166],[-75.544698,5.17929],[-75.544762,5.179408],[-75.544851,5.179522],[-75.544961,5.17962],[-75.545578,5.180068],[-75.545652,5.180133],[-75.545719,5.180212],[-75.54577,5.180296],[-75.545946,5.180691],[-75.545961,5.180777],[-75.545943,5.180857],[-75.545895,5.180927],[-75.545822,5.18098],[-75.54555,5.181116],[-75.545373,5.181241],[-75.545265,5.181298],[-75.544998,5.181405],[-75.544921,5.181425],[-75.544847,5.181421],[-75.544782,5.181396],[-75.544201,5.180872],[-75.544133,5.180793],[-75.544033,5.18065],[-75.543969,5.180584],[-75.543905,5.180534],[-75.543835,5.180519],[-75.543774,5.180527],[-75.543717,5.180567],[-75.543666,5.180667],[-75.543627,5.180794],[-75.543556,5.181049],[-75.543482,5.181283],[-75.543426,5.18139],[-75.543355,5.181461],[-75.543298,5.181482],[-75.543231,5.18149],[-75.543154,5.181489],[-75.543093,5.181466],[-75.542683,5.1813],[-75.542546,5.18124],[-75.542431,5.181191],[-75.542344,5.181172],[-75.542288,5.181171],[-75.542236,5.181196],[-75.542209,5.181227],[-75.542175,5.181292],[-75.542144,5.181533],[-75.542137,5.181662],[-75.542142,5.181758],[-75.542152,5.181879],[-75.542141,5.181941],[-75.542102,5.182004],[-75.542045,5.182036],[-75.541975,5.182062],[-75.541861,5.182078],[-75.541779,5.18211],[-75.54172,5.18216],[-75.541697,5.182195],[-75.541665,5.182263],[-75.541627,5.182339],[-75.541523,5.18255],[-75.54144,5.182759],[-75.541371,5.182852],[-75.541327,5.182898],[-75.541222,5.182971],[-75.540973,5.183154],[-75.540738,5.183313],[-75.540638,5.183358],[-75.540545,5.183382],[-75.54047,5.183368],[-75.54041,5.18333],[-75.540372,5.183297],[-75.540308,5.183196],[-75.540253,5.183099],[-75.540175,5.182948],[-75.540113,5.18285],[-75.540057,5.182804],[-75.539991,5.182776],[-75.539893,5.182757],[-75.539829,5.182767],[-75.539758,5.182798],[-75.539691,5.182842],[-75.539651,5.182904],[-75.539534,5.183179],[-75.539488,5.183226],[-75.539437,5.18325],[-75.539381,5.183268],[-75.539303,5.18327],[-75.539211,5.183261],[-75.538998,5.183229],[-75.538926,5.183221],[-75.538837,5.183178],[-75.538719,5.183097],[-75.538668,5.183074],[-75.538605,5.183063],[-75.538546,5.183078],[-75.538491,5.183095],[-75.538446,5.183133],[-75.538377,5.183236],[-75.538264,5.183425],[-75.538209,5.183473],[-75.538145,5.183501],[-75.538059,5.183508],[-75.537961,5.183485],[-75.537664,5.183357],[-75.537576,5.183341],[-75.537505,5.183369],[-75.537463,5.183433],[-75.537448,5.183516],[-75.537403,5.183732],[-75.537347,5.183814],[-75.537269,5.18387],[-75.537161,5.183903],[-75.53701,5.183902],[-75.536897,5.183886],[-75.53674,5.183846],[-75.536668,5.183839],[-75.536569,5.183849],[-75.536514,5.183873],[-75.536447,5.183921],[-75.536407,5.184028],[-75.536386,5.184133],[-75.536406,5.184289],[-75.536416,5.184383],[-75.536463,5.184542],[-75.536533,5.184681],[-75.536553,5.184746],[-75.536558,5.184829],[-75.536523,5.184894],[-75.536444,5.184987],[-75.536378,5.185028],[-75.536286,5.185049],[-75.536052,5.18506],[-75.535506,5.185086],[-75.535419,5.185088],[-75.535342,5.185077],[-75.535268,5.185053],[-75.53519,5.185017],[-75.534541,5.18461],[-75.534435,5.184589],[-75.534292,5.184604],[-75.534218,5.184647],[-75.534186,5.184745],[-75.534195,5.184836],[-75.534215,5.184885],[-75.53429,5.184951],[-75.534493,5.185097],[-75.53453,5.185164],[-75.534553,5.18524],[-75.534548,5.185365],[-75.534518,5.185589]]}},{"type":"Feature","properties":{"cls":"minor","kind":"residential","name":"Carrera 1G"},"geometry":{"type":"LineString","coordinates":[[-75.515312,5.165407],[-75.515283,5.165367],[-75.514996,5.165003]]}},{"type":"Feature","properties":{"cls":"minor","kind":"residential","name":"Carrera 1I"},"geometry":{"type":"LineString","coordinates":[[-75.515707,5.165231],[-75.515236,5.164678]]}},{"type":"Feature","properties":{"cls":"minor","kind":"residential","name":"Carrera 1K"},"geometry":{"type":"LineString","coordinates":[[-75.516062,5.165024],[-75.515535,5.164436],[-75.515343,5.164172]]}},{"type":"Feature","properties":{"cls":"minor","kind":"residential","name":"Carrera 1L"},"geometry":{"type":"LineString","coordinates":[[-75.516197,5.164897],[-75.515692,5.164312],[-75.515503,5.164074]]}},{"type":"Feature","properties":{"cls":"minor","kind":"residential","name":"Carrera 1J"},"geometry":{"type":"LineString","coordinates":[[-75.515899,5.16512],[-75.515386,5.164549],[-75.515261,5.164412]]}},{"type":"Feature","properties":{"cls":"minor","kind":"residential","name":"Carrera 1M"},"geometry":{"type":"LineString","coordinates":[[-75.516317,5.164748],[-75.516171,5.164587],[-75.515842,5.164191],[-75.51565,5.163961]]}},{"type":"Feature","properties":{"cls":"minor","kind":"residential","name":"Carrera 1P"},"geometry":{"type":"LineString","coordinates":[[-75.516171,5.164587],[-75.516051,5.164129],[-75.515927,5.163737]]}},{"type":"Feature","properties":{"cls":"minor","kind":"residential","name":"Carrera 2"},"geometry":{"type":"LineString","coordinates":[[-75.516443,5.164491],[-75.516373,5.164441],[-75.516266,5.164058],[-75.516167,5.163709]]}},{"type":"Feature","properties":{"cls":"minor","kind":"residential","name":"Calle 5"},"geometry":{"type":"LineString","coordinates":[[-75.516885,5.163729],[-75.516682,5.163861],[-75.516498,5.163995],[-75.516266,5.164058],[-75.516051,5.164129],[-75.515842,5.164191],[-75.515692,5.164312],[-75.515535,5.164436],[-75.515386,5.164549],[-75.515236,5.164678],[-75.515083,5.164808],[-75.514991,5.16494],[-75.514985,5.164975],[-75.514996,5.165003]]}},{"type":"Feature","properties":{"cls":"minor","kind":"residential","name":"Calle 7"},"geometry":{"type":"LineString","coordinates":[[-75.516443,5.164491],[-75.516378,5.164627],[-75.516317,5.164748],[-75.516279,5.16482],[-75.516197,5.164897],[-75.516138,5.164953],[-75.516062,5.165024],[-75.515899,5.16512],[-75.51575,5.16521],[-75.515707,5.165231],[-75.515497,5.165309],[-75.515369,5.165398],[-75.51534,5.16541],[-75.515312,5.165407]]}},{"type":"Feature","properties":{"cls":"minor","kind":"residential","name":"Carrera 3"},"geometry":{"type":"LineString","coordinates":[[-75.517034,5.164388],[-75.516682,5.163861],[-75.51639,5.163449],[-75.516205,5.163201]]}},{"type":"Feature","properties":{"cls":"minor","kind":"residential","name":"Carrera 3A"},"geometry":{"type":"LineString","coordinates":[[-75.517264,5.164287],[-75.516885,5.163729],[-75.516453,5.163102],[-75.516289,5.162975]]}},{"type":"Feature","properties":{"cls":"minor","kind":"residential","name":"Carrera 2"},"geometry":{"type":"LineString","coordinates":[[-75.516178,5.167001],[-75.516049,5.167217],[-75.515927,5.167374],[-75.51581,5.167592],[-75.515646,5.167815],[-75.515552,5.167952],[-75.515543,5.168009],[-75.51555,5.16806],[-75.515514,5.168328],[-75.515519,5.168349],[-75.515542,5.168374]]}},{"type":"Feature","properties":{"cls":"minor","kind":"residential","name":"Calle 13A"},"geometry":{"type":"LineString","coordinates":[[-75.515969,5.168582],[-75.515542,5.168374]]}},{"type":"Feature","properties":{"cls":"minor","kind":"residential","name":"Calle 12"},"geometry":{"type":"LineString","coordinates":[[-75.51626,5.168068],[-75.515646,5.167815]]}},{"type":"Feature","properties":{"cls":"minor","kind":"residential","name":"Calle 11"},"geometry":{"type":"LineString","coordinates":[[-75.516384,5.167855],[-75.51581,5.167592]]}},{"type":"Feature","properties":{"cls":"minor","kind":"residential","name":"Calle 10"},"geometry":{"type":"LineString","coordinates":[[-75.516402,5.16754],[-75.516138,5.167467],[-75.515927,5.167374]]}},{"type":"Feature","properties":{"cls":"minor","kind":"unclassified","name":"Carrera 2A"},"geometry":{"type":"LineString","coordinates":[[-75.516409,5.167764],[-75.516402,5.167796],[-75.516384,5.167855],[-75.516351,5.167916],[-75.51626,5.168068],[-75.516113,5.168273],[-75.516092,5.168308]]}},{"type":"Feature","properties":{"cls":"minor","kind":"residential","name":"Calle 10"},"geometry":{"type":"LineString","coordinates":[[-75.516384,5.167855],[-75.51657,5.167791],[-75.516823,5.168056]]}},{"type":"Feature","properties":{"cls":"minor","kind":"residential","name":"Calle 11"},"geometry":{"type":"LineString","coordinates":[[-75.516351,5.167916],[-75.516596,5.168191],[-75.516763,5.168388]]}},{"type":"Feature","properties":{"cls":"minor","kind":"residential","name":"Carrera 3A"},"geometry":{"type":"LineString","coordinates":[[-75.516596,5.168191],[-75.516255,5.168496],[-75.516092,5.169008]]}},{"type":"Feature","properties":{"cls":"minor","kind":"unclassified","name":"Calle 13A"},"geometry":{"type":"LineString","coordinates":[[-75.516872,5.169024],[-75.516654,5.168914],[-75.516446,5.168683],[-75.516255,5.168496],[-75.516145,5.168369],[-75.516092,5.168308]]}},{"type":"Feature","properties":{"cls":"minor","kind":"residential","name":"Carrera 3B"},"geometry":{"type":"LineString","coordinates":[[-75.516763,5.168388],[-75.516696,5.168456],[-75.516446,5.168683],[-75.516412,5.168789],[-75.516288,5.169204]]}},{"type":"Feature","properties":{"cls":"minor","kind":"residential","name":"Carrera 3C"},"geometry":{"type":"LineString","coordinates":[[-75.516518,5.169281],[-75.516654,5.168914]]}},{"type":"Feature","properties":{"cls":"minor","kind":"residential","name":"Carrera 6"},"geometry":{"type":"LineString","coordinates":[[-75.518574,5.164902],[-75.518443,5.164001],[-75.51835,5.163487],[-75.518222,5.162874]]}},{"type":"Feature","properties":{"cls":"minor","kind":"residential","name":"Calle 11"},"geometry":{"type":"LineString","coordinates":[[-75.520705,5.167796],[-75.520034,5.167848],[-75.519356,5.167893],[-75.519004,5.167916],[-75.518952,5.16792],[-75.518711,5.167926],[-75.518528,5.167938]]}},{"type":"Feature","properties":{"cls":"minor","kind":"residential","name":"Carrera 6"},"geometry":{"type":"LineString","coordinates":[[-75.518711,5.167926],[-75.518649,5.167268]]}},{"type":"Feature","properties":{"cls":"minor","kind":"residential","name":"Carrera 6A"},"geometry":{"type":"LineString","coordinates":[[-75.519004,5.167916],[-75.519035,5.168357]]}},{"type":"Feature","properties":{"cls":"minor","kind":"residential","name":"Calle 13"},"geometry":{"type":"LineString","coordinates":[[-75.519212,5.168977],[-75.519293,5.168974],[-75.519365,5.168974],[-75.519654,5.16895],[-75.520069,5.16899],[-75.520775,5.168991]]}},{"type":"Feature","properties":{"cls":"minor","kind":"residential","name":"Carrera 8"},"geometry":{"type":"LineString","coordinates":[[-75.520069,5.16899],[-75.520085,5.169622],[-75.520079,5.169801],[-75.520043,5.169972],[-75.519983,5.170116],[-75.519917,5.170244],[-75.519825,5.170408],[-75.519741,5.17047]]}},{"type":"Feature","properties":{"cls":"minor","kind":"residential","name":"Carrera 10A"},"geometry":{"type":"LineString","coordinates":[[-75.520747,5.171803],[-75.520884,5.170579],[-75.521112,5.170024],[-75.521157,5.169939],[-75.521248,5.169867],[-75.521367,5.169779],[-75.5214,5.169748],[-75.52143,5.169697],[-75.521452,5.169627],[-75.521662,5.169198],[-75.521696,5.169054]]}},{"type":"Feature","properties":{"cls":"minor","kind":"residential","name":"Carrera 7"},"geometry":{"type":"LineString","coordinates":[[-75.51893,5.162925],[-75.518965,5.163369],[-75.519013,5.16377],[-75.519029,5.163934],[-75.519139,5.164876],[-75.51918,5.165217],[-75.519216,5.165785],[-75.519224,5.16587],[-75.519281,5.166545],[-75.519326,5.167214],[-75.519356,5.167893]]}},{"type":"Feature","properties":{"cls":"minor","kind":"residential","name":"Calle 6A"},"geometry":{"type":"LineString","coordinates":[[-75.519139,5.164876],[-75.518574,5.164902],[-75.518391,5.164911]]}},{"type":"Feature","properties":{"cls":"minor","kind":"residential","name":"Calle 7"},"geometry":{"type":"LineString","coordinates":[[-75.518325,5.165243],[-75.51918,5.165217]]}},{"type":"Feature","properties":{"cls":"minor","kind":"residential","name":"Calle 5"},"geometry":{"type":"LineString","coordinates":[[-75.519029,5.163934],[-75.518443,5.164001]]}},{"type":"Feature","properties":{"cls":"minor","kind":"residential","name":"Calle 4"},"geometry":{"type":"LineString","coordinates":[[-75.519693,5.163347],[-75.518965,5.163369],[-75.51835,5.163487]]}},{"type":"Feature","properties":{"cls":"minor","kind":"residential","name":"Carrera 8"},"geometry":{"type":"LineString","coordinates":[[-75.519693,5.163347],[-75.519674,5.162513]]}},{"type":"Feature","properties":{"cls":"path","kind":"steps","name":"Carrera 7"},"geometry":{"type":"LineString","coordinates":[[-75.51893,5.162925],[-75.518883,5.162524],[-75.518868,5.162397]]}},{"type":"Feature","properties":{"cls":"path","kind":"steps","name":"Carrera 8"},"geometry":{"type":"LineString","coordinates":[[-75.519693,5.163347],[-75.519705,5.163567]]}},{"type":"Feature","properties":{"cls":"minor","kind":"residential","name":"Calle 4"},"geometry":{"type":"LineString","coordinates":[[-75.520405,5.162842],[-75.520549,5.163009],[-75.520706,5.163172],[-75.520882,5.163305],[-75.520999,5.163364],[-75.521283,5.163579],[-75.521444,5.163703]]}},{"type":"Feature","properties":{"cls":"minor","kind":"residential","name":"Carrera 8"},"geometry":{"type":"LineString","coordinates":[[-75.519705,5.163567],[-75.519724,5.163818],[-75.51978,5.164484],[-75.519855,5.165173],[-75.519905,5.165823],[-75.519959,5.166503],[-75.519992,5.16717],[-75.520034,5.167848],[-75.520069,5.168512]]}},{"type":"Feature","properties":{"cls":"path","kind":"steps","name":"Carrera 8"},"geometry":{"type":"LineString","coordinates":[[-75.520069,5.168512],[-75.520069,5.16899]]}},{"type":"Feature","properties":{"cls":"minor","kind":"residential","name":"Calle 11"},"geometry":{"type":"LineString","coordinates":[[-75.520705,5.167796],[-75.521275,5.167749],[-75.521365,5.167752]]}},{"type":"Feature","properties":{"cls":"real","kind":"pedestrian","name":"Calle Real"},"geometry":{"type":"LineString","coordinates":[[-75.521181,5.16507],[-75.521121,5.164415],[-75.521084,5.163741]]}},{"type":"Feature","properties":{"cls":"minor","kind":"residential","name":"Carrera 9"},"geometry":{"type":"LineString","coordinates":[[-75.520405,5.162842],[-75.520405,5.163116],[-75.520421,5.163788],[-75.520463,5.164452],[-75.520513,5.165118],[-75.520561,5.165788],[-75.520615,5.166469],[-75.520664,5.16714],[-75.520705,5.167796],[-75.520741,5.168467]]}},{"type":"Feature","properties":{"cls":"minor","kind":"residential","name":"Calle 12"},"geometry":{"type":"LineString","coordinates":[[-75.520741,5.168467],[-75.521408,5.168425],[-75.521884,5.168401],[-75.522052,5.168353]]}},{"type":"Feature","properties":{"cls":"minor","kind":"residential","name":"Carrera 10"},"geometry":{"type":"LineString","coordinates":[[-75.521466,5.168979],[-75.521408,5.168425],[-75.521365,5.167752]]}},{"type":"Feature","properties":{"cls":"minor","kind":"residential","name":"Carrera 11"},"geometry":{"type":"LineString","coordinates":[[-75.521982,5.167046],[-75.52193,5.166389],[-75.521887,5.165706],[-75.521856,5.16503],[-75.521787,5.164363],[-75.521727,5.164135],[-75.521598,5.163928],[-75.521444,5.163703]]}},{"type":"Feature","properties":{"cls":"minor","kind":"residential","name":"Carrera 11"},"geometry":{"type":"LineString","coordinates":[[-75.521982,5.167046],[-75.522023,5.167722]]}},{"type":"Feature","properties":{"cls":"path","kind":"steps","name":"Carrera 11"},"geometry":{"type":"LineString","coordinates":[[-75.522046,5.168181],[-75.522052,5.168353]]}},{"type":"Feature","properties":{"cls":"minor","kind":"residential","name":"Calle 11"},"geometry":{"type":"LineString","coordinates":[[-75.522707,5.167677],[-75.522023,5.167722],[-75.521365,5.167752]]}},{"type":"Feature","properties":{"cls":"minor","kind":"residential","name":"Calle 10"},"geometry":{"type":"LineString","coordinates":[[-75.52328,5.166977],[-75.522643,5.167014],[-75.521982,5.167046]]}},{"type":"Feature","properties":{"cls":"minor","kind":"residential","name":"Calle 10"},"geometry":{"type":"LineString","coordinates":[[-75.518261,5.167257],[-75.518649,5.167268],[-75.519326,5.167214],[-75.519992,5.16717],[-75.520664,5.16714]]}},{"type":"Feature","properties":{"cls":"minor","kind":"residential","name":"Calle 10"},"geometry":{"type":"LineString","coordinates":[[-75.521228,5.167091],[-75.520664,5.16714]]}},{"type":"Feature","properties":{"cls":"minor","kind":"residential","name":"Calle 10"},"geometry":{"type":"LineString","coordinates":[[-75.521228,5.167091],[-75.521315,5.167086],[-75.521982,5.167046]]}},{"type":"Feature","properties":{"cls":"minor","kind":"residential","name":"Carrera 12"},"geometry":{"type":"LineString","coordinates":[[-75.522707,5.167677],[-75.522811,5.16791],[-75.522895,5.16818],[-75.522929,5.168283],[-75.522952,5.168381],[-75.52299,5.168456]]}},{"type":"Feature","properties":{"cls":"minor","kind":"residential","name":"Calle 8"},"geometry":{"type":"LineString","coordinates":[[-75.523839,5.165489],[-75.523701,5.16539],[-75.523631,5.165333],[-75.523526,5.165305],[-75.523453,5.165301],[-75.523382,5.16531],[-75.523317,5.165328],[-75.523213,5.165337],[-75.523042,5.165445]]}},{"type":"Feature","properties":{"cls":"minor","kind":"residential","name":"Calle 8"},"geometry":{"type":"LineString","coordinates":[[-75.51811,5.16593],[-75.519224,5.16587],[-75.519905,5.165823],[-75.520561,5.165788],[-75.521227,5.165752],[-75.521887,5.165706],[-75.522526,5.16566]]}},{"type":"Feature","properties":{"cls":"minor","kind":"residential","name":"Carrera 13"},"geometry":{"type":"LineString","coordinates":[[-75.523042,5.165445],[-75.523061,5.165573],[-75.523162,5.16572],[-75.523166,5.165772],[-75.523198,5.165826],[-75.523229,5.166324],[-75.52328,5.166977]]}},{"type":"Feature","properties":{"cls":"minor","kind":"residential","name":"Carrera 12"},"geometry":{"type":"LineString","coordinates":[[-75.522526,5.16566],[-75.522605,5.166347],[-75.522643,5.167014],[-75.522661,5.167515],[-75.522707,5.167677]]}},{"type":"Feature","properties":{"cls":"minor","kind":"residential","name":"Calle 7"},"geometry":{"type":"LineString","coordinates":[[-75.521856,5.16503],[-75.521181,5.16507],[-75.520513,5.165118],[-75.519855,5.165173],[-75.51918,5.165217]]}},{"type":"Feature","properties":{"cls":"path","kind":"steps","name":"Calle 10"},"geometry":{"type":"LineString","coordinates":[[-75.523864,5.166969],[-75.52328,5.166977]]}},{"type":"Feature","properties":{"cls":"minor","kind":"residential","name":"Calle 6"},"geometry":{"type":"LineString","coordinates":[[-75.51978,5.164484],[-75.520463,5.164452],[-75.521121,5.164415],[-75.521787,5.164363]]}},{"type":"Feature","properties":{"cls":"minor","kind":"residential","name":"Calle 5"},"geometry":{"type":"LineString","coordinates":[[-75.521444,5.163703],[-75.521084,5.163741],[-75.520421,5.163788],[-75.519724,5.163818]]}},{"type":"Feature","properties":{"cls":"minor","kind":"service","bridge":1},"geometry":{"type":"LineString","coordinates":[[-75.495658,5.189485],[-75.495634,5.189303]]}},{"type":"Feature","properties":{"cls":"minor","kind":"service"},"geometry":{"type":"LineString","coordinates":[[-75.495649,5.189545],[-75.495658,5.189485]]}},{"type":"Feature","properties":{"cls":"minor","kind":"unclassified"},"geometry":{"type":"LineString","coordinates":[[-75.531933,5.188541],[-75.531966,5.18874],[-75.532005,5.18904],[-75.531998,5.189108],[-75.531937,5.189243],[-75.531894,5.189458],[-75.531858,5.189528],[-75.531591,5.189704],[-75.531515,5.189729],[-75.53132,5.189736],[-75.531234,5.189753],[-75.531007,5.189864],[-75.530917,5.189883],[-75.530616,5.189879],[-75.530483,5.189862],[-75.530351,5.18982],[-75.530031,5.189628],[-75.529859,5.189557],[-75.529372,5.189427],[-75.529237,5.189391],[-75.528322,5.188989],[-75.528208,5.188981],[-75.528109,5.189021],[-75.52797,5.18917],[-75.527896,5.189202],[-75.527806,5.189179],[-75.527488,5.188805],[-75.527393,5.188585],[-75.527287,5.188443],[-75.527106,5.188352],[-75.527027,5.188283],[-75.527013,5.188197],[-75.527064,5.188112],[-75.527075,5.188054],[-75.526997,5.187882],[-75.526905,5.187765],[-75.526661,5.187556],[-75.526484,5.18751],[-75.5263,5.187514],[-75.525923,5.18757],[-75.525163,5.18765],[-75.525082,5.187643],[-75.524862,5.187544],[-75.524752,5.187508],[-75.524412,5.18746],[-75.524194,5.187417],[-75.524092,5.187417],[-75.523973,5.187457],[-75.523905,5.18746],[-75.523838,5.187444],[-75.52374,5.187377],[-75.523638,5.187371],[-75.523518,5.187379],[-75.523304,5.18746],[-75.523235,5.187476],[-75.522948,5.187488],[-75.52269,5.187623],[-75.522399,5.187821],[-75.52215,5.188052],[-75.522035,5.188216],[-75.521924,5.188479],[-75.52179,5.188684],[-75.521731,5.188744],[-75.521554,5.188849],[-75.52148,5.188852],[-75.521424,5.188786],[-75.521422,5.188694],[-75.521506,5.188419],[-75.521497,5.188307],[-75.521453,5.188216],[-75.521228,5.188011],[-75.52098,5.187767],[-75.520897,5.187634],[-75.520862,5.187484],[-75.520872,5.187233],[-75.520835,5.187118],[-75.52076,5.187046],[-75.52062,5.187011],[-75.51962,5.187132],[-75.519389,5.187113],[-75.519169,5.186995],[-75.518969,5.18697],[-75.518625,5.187035],[-75.518475,5.187035],[-75.517761,5.186891],[-75.517471,5.186923],[-75.517302,5.186985],[-75.517066,5.187097],[-75.516801,5.187174],[-75.516609,5.1872],[-75.516472,5.187196],[-75.516214,5.187212],[-75.515719,5.187198],[-75.515648,5.187205],[-75.51558,5.187218],[-75.515527,5.18723],[-75.515467,5.187248],[-75.515404,5.187272],[-75.515342,5.1873],[-75.515283,5.187335],[-75.515233,5.187399],[-75.515096,5.187786],[-75.515041,5.187897],[-75.514984,5.187966],[-75.5149,5.188032],[-75.514789,5.188073],[-75.514644,5.188086],[-75.514121,5.188064],[-75.513321,5.187988],[-75.513246,5.187986],[-75.513179,5.187997],[-75.512847,5.188045],[-75.512198,5.188243],[-75.511984,5.188355],[-75.511721,5.188569],[-75.511639,5.188651],[-75.511576,5.188701],[-75.511506,5.188745],[-75.511392,5.188785],[-75.511286,5.188802],[-75.511174,5.188808],[-75.511077,5.188794],[-75.510972,5.188778],[-75.510806,5.188785],[-75.510613,5.188817],[-75.510272,5.188892],[-75.509578,5.189095],[-75.508713,5.189407],[-75.508642,5.189437],[-75.508587,5.189457],[-75.508532,5.189462],[-75.50848,5.189466],[-75.508428,5.189458],[-75.508351,5.189436],[-75.50822,5.189366],[-75.50807,5.189303],[-75.507887,5.189255],[-75.507746,5.189247],[-75.507637,5.189256],[-75.507459,5.189285],[-75.507322,5.189339],[-75.50718,5.189429],[-75.507013,5.189562],[-75.506913,5.189624],[-75.506782,5.189672],[-75.50665,5.189704],[-75.50652,5.189719],[-75.506169,5.189751],[-75.505793,5.189808],[-75.505611,5.189844],[-75.505463,5.189899],[-75.50533,5.189946],[-75.504982,5.190115],[-75.504855,5.19017],[-75.504715,5.190218],[-75.504564,5.190284],[-75.504489,5.190309],[-75.504402,5.190317],[-75.504292,5.190314],[-75.504193,5.190324],[-75.504115,5.190336],[-75.504034,5.19037],[-75.503997,5.190385],[-75.50395,5.190395],[-75.503889,5.190408],[-75.503653,5.190401],[-75.503511,5.1904],[-75.503368,5.190386],[-75.503163,5.190369],[-75.503005,5.190357],[-75.502766,5.190329],[-75.502569,5.190308],[-75.502305,5.190273],[-75.501949,5.190249],[-75.501343,5.190215],[-75.501213,5.190213],[-75.501118,5.190225],[-75.500999,5.190233],[-75.500889,5.190225],[-75.500807,5.190193],[-75.500748,5.190161],[-75.500649,5.190078],[-75.500418,5.189894],[-75.500288,5.189808],[-75.500147,5.189739],[-75.500089,5.189723],[-75.500008,5.189715],[-75.499913,5.189723],[-75.49975,5.189737],[-75.49971,5.189739],[-75.499664,5.189729],[-75.49962,5.189721],[-75.499414,5.189667],[-75.498935,5.18946],[-75.498813,5.189415],[-75.498753,5.189399],[-75.498685,5.189389],[-75.49858,5.189399],[-75.498511,5.189415],[-75.498316,5.189489],[-75.497858,5.189787],[-75.497695,5.189936],[-75.497614,5.190074],[-75.497523,5.190169],[-75.497403,5.190221],[-75.497207,5.190254],[-75.496911,5.190272],[-75.496551,5.190134],[-75.496163,5.189797],[-75.496013,5.189661],[-75.495846,5.189594],[-75.495649,5.189545],[-75.495585,5.189546],[-75.495315,5.189528],[-75.49505,5.189463],[-75.494788,5.189386],[-75.494656,5.189385],[-75.494582,5.189408],[-75.49451,5.189446],[-75.494459,5.18954],[-75.494449,5.189625],[-75.494478,5.189669],[-75.494525,5.189688],[-75.494776,5.189733],[-75.494879,5.189723],[-75.495005,5.189677],[-75.495153,5.189676],[-75.495271,5.189745],[-75.495699,5.190114]]}},{"type":"Feature","properties":{"cls":"minor","kind":"service"},"geometry":{"type":"LineString","coordinates":[[-75.495634,5.189303],[-75.495594,5.189178],[-75.495615,5.189047],[-75.49572,5.188929],[-75.495844,5.188894],[-75.496208,5.188924],[-75.496407,5.188884],[-75.496565,5.188884],[-75.496635,5.188925]]}},{"type":"Feature","properties":{"cls":"minor","kind":"unclassified","name":"Carrera 2B"},"geometry":{"type":"LineString","coordinates":[[-75.51763,5.164695],[-75.517531,5.164753],[-75.517279,5.165073],[-75.51718,5.165207],[-75.517067,5.165296],[-75.516926,5.165401],[-75.516855,5.165466],[-75.516814,5.165544],[-75.516755,5.165676],[-75.516679,5.16587],[-75.51662,5.166026],[-75.516516,5.16619],[-75.516294,5.166428],[-75.516227,5.166513],[-75.516189,5.166582],[-75.516167,5.166661],[-75.516162,5.166732]]}},{"type":"Feature","properties":{"cls":"minor","kind":"residential"},"geometry":{"type":"LineString","coordinates":[[-75.516167,5.163709],[-75.516152,5.163579],[-75.51617,5.163406],[-75.516205,5.163201],[-75.516225,5.163077],[-75.516289,5.162975],[-75.516318,5.162895]]}},{"type":"Feature","properties":{"cls":"minor","kind":"residential","name":"Carrera 7"},"geometry":{"type":"LineString","coordinates":[[-75.519387,5.168495],[-75.519376,5.168393],[-75.519356,5.167893]]}},{"type":"Feature","properties":{"cls":"minor","kind":"residential"},"geometry":{"type":"LineString","coordinates":[[-75.519462,5.168521],[-75.519654,5.16895]]}},{"type":"Feature","properties":{"cls":"minor","kind":"residential","name":"Carrera 9"},"geometry":{"type":"LineString","coordinates":[[-75.520884,5.170579],[-75.520738,5.170543],[-75.520699,5.170511],[-75.520654,5.170425],[-75.520624,5.170357],[-75.520624,5.170296],[-75.520633,5.170213],[-75.520676,5.1701],[-75.52072,5.170001],[-75.520728,5.169951],[-75.520695,5.169856],[-75.520658,5.16975],[-75.520736,5.169457],[-75.520769,5.169349],[-75.520777,5.169218],[-75.520775,5.168991],[-75.520741,5.168467]]}},{"type":"Feature","properties":{"cls":"minor","kind":"unclassified"},"geometry":{"type":"LineString","coordinates":[[-75.52942,5.157992],[-75.529578,5.157962],[-75.529812,5.157873],[-75.529974,5.15783],[-75.530312,5.157721],[-75.530455,5.157722],[-75.530573,5.157749],[-75.530925,5.157943],[-75.531111,5.157978],[-75.531668,5.158091],[-75.531738,5.15808],[-75.531799,5.158056],[-75.532032,5.157923],[-75.532216,5.157785],[-75.532427,5.157657],[-75.532539,5.157545],[-75.532594,5.157525],[-75.532751,5.15753],[-75.532814,5.157502],[-75.5329,5.157419],[-75.532975,5.1574],[-75.533067,5.15741],[-75.533343,5.157506],[-75.533574,5.157644],[-75.533728,5.157781],[-75.533884,5.157958],[-75.53403,5.158047],[-75.534215,5.158099],[-75.534411,5.158157],[-75.534678,5.158322],[-75.534808,5.158405],[-75.534864,5.158413],[-75.534916,5.158391],[-75.534976,5.158343],[-75.535036,5.158312],[-75.53511,5.158296],[-75.535193,5.158307],[-75.535533,5.158345],[-75.535617,5.158383],[-75.535663,5.158419],[-75.535731,5.158455],[-75.536042,5.158486],[-75.536119,5.158475],[-75.536195,5.158438],[-75.536342,5.158267],[-75.536396,5.158154],[-75.536456,5.158055],[-75.536526,5.157984],[-75.536632,5.15793],[-75.536693,5.15787],[-75.536732,5.157801],[-75.536749,5.157703],[-75.536767,5.15762],[-75.536789,5.157591],[-75.536826,5.15757],[-75.536908,5.157558],[-75.537042,5.157544],[-75.537123,5.157534],[-75.537174,5.157514],[-75.537208,5.157498],[-75.537245,5.15747],[-75.5376,5.157145],[-75.537644,5.157107],[-75.537725,5.157069],[-75.537774,5.15707],[-75.537908,5.157098],[-75.537954,5.15711],[-75.537995,5.157106],[-75.538072,5.157089],[-75.53812,5.157039],[-75.538157,5.156992],[-75.53824,5.156829],[-75.538265,5.1568],[-75.538293,5.156782],[-75.538337,5.156772],[-75.538408,5.156758],[-75.538472,5.156764],[-75.538533,5.156777],[-75.538565,5.1568],[-75.53859,5.156828],[-75.538695,5.157261],[-75.538741,5.157323],[-75.538806,5.157369],[-75.538873,5.157404],[-75.538928,5.157427],[-75.538965,5.157434],[-75.53917,5.157401],[-75.539665,5.157245],[-75.539735,5.157217],[-75.539834,5.157173],[-75.539924,5.157122],[-75.540123,5.156962],[-75.540306,5.156791],[-75.540483,5.15664],[-75.540572,5.156537],[-75.540671,5.156388],[-75.540717,5.156295],[-75.540774,5.156186],[-75.541019,5.155819],[-75.541085,5.155596],[-75.541142,5.15521],[-75.541174,5.155068],[-75.541257,5.154965],[-75.541346,5.154822],[-75.541408,5.154603],[-75.541455,5.154343],[-75.541526,5.154176],[-75.541746,5.153881],[-75.541822,5.153746],[-75.541872,5.15342],[-75.541865,5.153268],[-75.541802,5.153086],[-75.541476,5.152616],[-75.541442,5.152525],[-75.54145,5.15245],[-75.541522,5.152235],[-75.541556,5.151963],[-75.54161,5.151886],[-75.541799,5.151798],[-75.54185,5.151723],[-75.541836,5.151659],[-75.541764,5.151612],[-75.541659,5.151612],[-75.541475,5.151653],[-75.541226,5.151834],[-75.541133,5.151946],[-75.541066,5.151957],[-75.541006,5.151927],[-75.541001,5.151861],[-75.541143,5.151627],[-75.541263,5.151336],[-75.541311,5.151167],[-75.541295,5.150962],[-75.54132,5.150853],[-75.541398,5.15078],[-75.541517,5.150742],[-75.541692,5.150743],[-75.541772,5.150722],[-75.541946,5.150524],[-75.541961,5.150488],[-75.541947,5.15045],[-75.54191,5.150434],[-75.541874,5.150448],[-75.541702,5.150568],[-75.541621,5.150594],[-75.541373,5.150615],[-75.541155,5.1507],[-75.541031,5.150712],[-75.540913,5.150678],[-75.540849,5.150556],[-75.540804,5.150391],[-75.540819,5.1503],[-75.540884,5.150228],[-75.541288,5.150026],[-75.541336,5.149987],[-75.541425,5.149868],[-75.541472,5.14984],[-75.54153,5.149841],[-75.541654,5.149894],[-75.541713,5.149904],[-75.541814,5.149891],[-75.541844,5.149878],[-75.541858,5.149847],[-75.541847,5.149815],[-75.541816,5.149803],[-75.541708,5.149804],[-75.54163,5.149771],[-75.541575,5.149724],[-75.541436,5.149444],[-75.541386,5.149421],[-75.541327,5.149432],[-75.541239,5.14954],[-75.541048,5.149653],[-75.540859,5.149733],[-75.540768,5.149736],[-75.54063,5.149719],[-75.540585,5.149678],[-75.540596,5.149627],[-75.540864,5.149487],[-75.540913,5.149431],[-75.540939,5.149352],[-75.540964,5.149045],[-75.540981,5.148976],[-75.541032,5.148905],[-75.541173,5.148773],[-75.541302,5.14867],[-75.541515,5.148566],[-75.541577,5.14849],[-75.541604,5.148425],[-75.541596,5.148356],[-75.541501,5.148243],[-75.541493,5.148191],[-75.541516,5.14812],[-75.541627,5.147977],[-75.541715,5.147895],[-75.541806,5.147829],[-75.542151,5.147547],[-75.542189,5.147463],[-75.542175,5.147391]]}},{"type":"Feature","properties":{"cls":"minor","kind":"residential"},"geometry":{"type":"LineString","coordinates":[[-75.521254,5.178529],[-75.521236,5.178422],[-75.521232,5.178368],[-75.521266,5.1783],[-75.521349,5.178234],[-75.521517,5.178141],[-75.521646,5.17801],[-75.521749,5.177763],[-75.521803,5.177701],[-75.522014,5.177546],[-75.5222,5.177299],[-75.522321,5.177168],[-75.522356,5.17701],[-75.522392,5.176702],[-75.522368,5.176532],[-75.522355,5.176481],[-75.522322,5.176349],[-75.522362,5.176012],[-75.522346,5.175811],[-75.522279,5.175637],[-75.522234,5.175553],[-75.522136,5.175442]]}},{"type":"Feature","properties":{"cls":"minor","kind":"residential"},"geometry":{"type":"LineString","coordinates":[[-75.521306,5.177902],[-75.521397,5.177638],[-75.521492,5.177367],[-75.521582,5.177081],[-75.521646,5.17686]]}},{"type":"Feature","properties":{"cls":"minor","kind":"residential"},"geometry":{"type":"LineString","coordinates":[[-75.521613,5.176136],[-75.521871,5.176214],[-75.522322,5.176349]]}},{"type":"Feature","properties":{"cls":"minor","kind":"residential"},"geometry":{"type":"LineString","coordinates":[[-75.520604,5.177681],[-75.5208,5.177741],[-75.521306,5.177902]]}},{"type":"Feature","properties":{"cls":"minor","kind":"residential"},"geometry":{"type":"LineString","coordinates":[[-75.520726,5.177436],[-75.520868,5.177481],[-75.521397,5.177638]]}},{"type":"Feature","properties":{"cls":"minor","kind":"residential"},"geometry":{"type":"LineString","coordinates":[[-75.520842,5.177178],[-75.520916,5.177197],[-75.521492,5.177367],[-75.522014,5.177546]]}},{"type":"Feature","properties":{"cls":"minor","kind":"residential"},"geometry":{"type":"LineString","coordinates":[[-75.52102,5.176889],[-75.521582,5.177081],[-75.5222,5.177299]]}},{"type":"Feature","properties":{"cls":"minor","kind":"residential"},"geometry":{"type":"LineString","coordinates":[[-75.521358,5.176373],[-75.521775,5.176503],[-75.522392,5.176702]]}},{"type":"Feature","properties":{"cls":"path","kind":"path"},"geometry":{"type":"LineString","coordinates":[[-75.520916,5.177197],[-75.520989,5.17695],[-75.52102,5.176889],[-75.521076,5.17683],[-75.521102,5.176774],[-75.521151,5.176638],[-75.521171,5.176624],[-75.521206,5.176624]]}},{"type":"Feature","properties":{"cls":"minor","kind":"unclassified"},"geometry":{"type":"LineString","coordinates":[[-75.513373,5.195391],[-75.513408,5.195382],[-75.513644,5.1952],[-75.513702,5.195182],[-75.513772,5.195177],[-75.513953,5.195255],[-75.513996,5.195258],[-75.514026,5.195218],[-75.514092,5.195093],[-75.514219,5.194978],[-75.515409,5.19436],[-75.515593,5.194278],[-75.515749,5.194166],[-75.515876,5.194077],[-75.515975,5.194046],[-75.51614,5.194055],[-75.516234,5.19397],[-75.51671,5.193807],[-75.517171,5.193893],[-75.517252,5.1939],[-75.51732,5.193851],[-75.517599,5.193611],[-75.518312,5.193433],[-75.518446,5.193455],[-75.518532,5.193421],[-75.51856,5.19342],[-75.51868,5.193458],[-75.518861,5.193578],[-75.519001,5.193695],[-75.519275,5.193759],[-75.519458,5.193767],[-75.519653,5.193847],[-75.519824,5.193929],[-75.519955,5.193923],[-75.520225,5.193895],[-75.52048,5.193774],[-75.520638,5.19351],[-75.52086,5.193414],[-75.521402,5.193016],[-75.52152,5.192962],[-75.521651,5.192966],[-75.521735,5.193011],[-75.521984,5.193132],[-75.522126,5.193387],[-75.522274,5.193567],[-75.522608,5.193737],[-75.522688,5.193794],[-75.522808,5.19378],[-75.522843,5.193698],[-75.522882,5.193541],[-75.52296,5.193499],[-75.523086,5.193541],[-75.523995,5.193303],[-75.524206,5.19318],[-75.524763,5.192998],[-75.525053,5.193006],[-75.525339,5.193004],[-75.525556,5.192907],[-75.525953,5.193098],[-75.526072,5.193124],[-75.526138,5.193104],[-75.526248,5.193022],[-75.526337,5.193016],[-75.526559,5.193143],[-75.526741,5.193162],[-75.526882,5.193074],[-75.526969,5.192985],[-75.527055,5.192987],[-75.527443,5.192959],[-75.527607,5.192945]]}},{"type":"Feature","properties":{"cls":"minor","kind":"unclassified"},"geometry":{"type":"LineString","coordinates":[[-75.546554,5.195572],[-75.546507,5.195434],[-75.546259,5.194992],[-75.545891,5.194467],[-75.545567,5.194211],[-75.545225,5.193843],[-75.544954,5.19372],[-75.544661,5.19363],[-75.544575,5.193523],[-75.5445,5.193263],[-75.544538,5.193126],[-75.544472,5.192636],[-75.54451,5.192403],[-75.544499,5.192312],[-75.544496,5.192234],[-75.544496,5.192139],[-75.544503,5.192032],[-75.544546,5.191936],[-75.544579,5.191856],[-75.544594,5.191773],[-75.544586,5.191691],[-75.544559,5.191654],[-75.544507,5.191592],[-75.544452,5.191552],[-75.544353,5.19148],[-75.544263,5.191396],[-75.544199,5.191301],[-75.54415,5.190985],[-75.544145,5.190891],[-75.544157,5.190748],[-75.544253,5.190501],[-75.544304,5.190403],[-75.544434,5.190213],[-75.544476,5.190158],[-75.544472,5.190019],[-75.54446,5.189947],[-75.54443,5.189894],[-75.544255,5.189548],[-75.54415,5.189441],[-75.544098,5.189418],[-75.544049,5.189419],[-75.544021,5.189425],[-75.544005,5.189443],[-75.543995,5.189474],[-75.54399,5.189516],[-75.543977,5.18961],[-75.543962,5.189668],[-75.543914,5.189743],[-75.543856,5.189868],[-75.543824,5.18995],[-75.543793,5.190046],[-75.543756,5.19011],[-75.543652,5.190264],[-75.543473,5.190471],[-75.543363,5.190569],[-75.543268,5.19068],[-75.543186,5.190807],[-75.543078,5.191025],[-75.543061,5.19111],[-75.54305,5.191169],[-75.543025,5.191224],[-75.542991,5.191271],[-75.542922,5.191299],[-75.542844,5.191304],[-75.542561,5.191315],[-75.542281,5.191331],[-75.541366,5.191281],[-75.541202,5.191257],[-75.541084,5.191217],[-75.54086,5.191132],[-75.540671,5.191081],[-75.540471,5.19104],[-75.540223,5.191012],[-75.540036,5.190986],[-75.53983,5.191006],[-75.539668,5.19102],[-75.539515,5.191029],[-75.539404,5.191049],[-75.539291,5.191076],[-75.539211,5.191114],[-75.539149,5.191152],[-75.539006,5.19128],[-75.538944,5.191321],[-75.538874,5.191348],[-75.538719,5.191397],[-75.538638,5.191407],[-75.538575,5.1914],[-75.538513,5.19139],[-75.538464,5.191379],[-75.538414,5.191382],[-75.53837,5.1914],[-75.538309,5.191456],[-75.538264,5.191487],[-75.538193,5.191503],[-75.538094,5.191508],[-75.537981,5.191512],[-75.537839,5.191546],[-75.537377,5.191725],[-75.53727,5.191776],[-75.537182,5.191813],[-75.537097,5.19185],[-75.536994,5.191868],[-75.536895,5.19187],[-75.53682,5.191864],[-75.536765,5.19186],[-75.536708,5.191876],[-75.536472,5.191953],[-75.535981,5.192079],[-75.535818,5.192135],[-75.535442,5.192296],[-75.535102,5.1924],[-75.534865,5.192429],[-75.534697,5.192417],[-75.534457,5.192524],[-75.534059,5.192672],[-75.533803,5.192669],[-75.53362,5.19278],[-75.533419,5.192815],[-75.533037,5.192787],[-75.531829,5.192304],[-75.531718,5.19228],[-75.531596,5.1923],[-75.531487,5.192323],[-75.531242,5.192347],[-75.530781,5.19237],[-75.530614,5.192348],[-75.530244,5.192215],[-75.529922,5.192167],[-75.529485,5.192108],[-75.529337,5.192057],[-75.529163,5.191961],[-75.528983,5.191934],[-75.528839,5.191956],[-75.528672,5.192172],[-75.528616,5.192258],[-75.528498,5.192298],[-75.528337,5.192316],[-75.528233,5.192365],[-75.528031,5.192565],[-75.527846,5.192794],[-75.527675,5.192921],[-75.527607,5.192945],[-75.526993,5.192439],[-75.526808,5.192199],[-75.526714,5.192127],[-75.526599,5.192105],[-75.526304,5.192087],[-75.526202,5.191991],[-75.526178,5.191884],[-75.526226,5.191779],[-75.526489,5.191579],[-75.526578,5.191475],[-75.526572,5.191379],[-75.526518,5.191259],[-75.526518,5.191106],[-75.526505,5.19093],[-75.526457,5.190821],[-75.526056,5.190385],[-75.525848,5.190253],[-75.525749,5.190241],[-75.525625,5.1903],[-75.525548,5.190318],[-75.525376,5.190292],[-75.525309,5.190245],[-75.525265,5.190166],[-75.525246,5.190007],[-75.525188,5.189935],[-75.52507,5.189911],[-75.524944,5.189904],[-75.524849,5.18993],[-75.52475,5.189988],[-75.524589,5.190149],[-75.52453,5.19021],[-75.524491,5.190212],[-75.524437,5.190195],[-75.524402,5.190135],[-75.524385,5.189997],[-75.52433,5.1896],[-75.524244,5.189498],[-75.524158,5.189439],[-75.524035,5.189421],[-75.523818,5.189361],[-75.523683,5.189279],[-75.523492,5.189106],[-75.523363,5.188972],[-75.52327,5.188852],[-75.523253,5.18873],[-75.523265,5.188607],[-75.523194,5.188338],[-75.523152,5.1882],[-75.523131,5.188024],[-75.523143,5.187972],[-75.523183,5.187774],[-75.523178,5.187687],[-75.52312,5.187591],[-75.522948,5.187488]]}},{"type":"Feature","properties":{"cls":"minor","kind":"unclassified"},"geometry":{"type":"LineString","coordinates":[[-75.515732,5.182285],[-75.515771,5.182636],[-75.51583,5.183499],[-75.515825,5.183578],[-75.515814,5.183655],[-75.515779,5.183895],[-75.515685,5.184185],[-75.515618,5.184434],[-75.51558,5.18491],[-75.51557,5.184999],[-75.515554,5.185139],[-75.51548,5.185487],[-75.515353,5.185724],[-75.515214,5.185908],[-75.514981,5.186181],[-75.514905,5.186314],[-75.514888,5.18643],[-75.514886,5.186512],[-75.514922,5.186611],[-75.515123,5.186937],[-75.515269,5.187045]]}},{"type":"Feature","properties":{"cls":"minor","kind":"unclassified","bridge":1},"geometry":{"type":"LineString","coordinates":[[-75.515669,5.182039],[-75.515732,5.182285]]}},{"type":"Feature","properties":{"cls":"minor","kind":"unclassified"},"geometry":{"type":"LineString","coordinates":[[-75.519818,5.179335],[-75.519651,5.179469],[-75.519562,5.179514],[-75.518951,5.179608],[-75.518869,5.179609],[-75.518707,5.179584],[-75.518448,5.179616],[-75.518107,5.179747],[-75.51804,5.179752],[-75.517973,5.179717],[-75.51786,5.179561],[-75.517824,5.179519],[-75.517776,5.179523],[-75.517748,5.179568],[-75.517713,5.179631],[-75.517689,5.179649],[-75.517655,5.179647],[-75.517622,5.17961],[-75.5176,5.179591],[-75.517543,5.179599],[-75.517518,5.17963],[-75.517486,5.179843],[-75.51749,5.179913],[-75.517528,5.179975],[-75.517525,5.180005],[-75.517502,5.180042],[-75.517442,5.180041],[-75.517307,5.179969],[-75.516766,5.179779],[-75.516684,5.179771],[-75.516625,5.179796],[-75.516597,5.179856],[-75.516551,5.180034],[-75.516545,5.180241],[-75.516538,5.180294],[-75.516529,5.180328],[-75.516515,5.180348],[-75.516497,5.180358],[-75.516475,5.180356],[-75.516452,5.180345],[-75.51643,5.180324],[-75.516388,5.18028],[-75.516359,5.180263],[-75.516319,5.180258],[-75.51623,5.180261],[-75.516103,5.18028],[-75.515862,5.180315],[-75.515706,5.180328],[-75.515622,5.180329],[-75.51556,5.180351],[-75.515508,5.180385],[-75.515472,5.180423],[-75.515458,5.180493],[-75.515473,5.180546],[-75.515509,5.180592],[-75.515694,5.180714],[-75.515723,5.180759],[-75.515743,5.180837],[-75.515745,5.180925],[-75.515732,5.181017],[-75.515724,5.181052],[-75.515711,5.181076],[-75.515684,5.181092],[-75.515652,5.181095],[-75.515609,5.18108],[-75.515534,5.181021],[-75.515493,5.181008],[-75.515437,5.181008],[-75.515396,5.18103],[-75.515369,5.18107],[-75.515364,5.181119],[-75.515375,5.181236],[-75.515382,5.181404],[-75.515409,5.181505],[-75.515669,5.182039]]}},{"type":"Feature","properties":{"cls":"minor","kind":"service"},"geometry":{"type":"LineString","coordinates":[[-75.515971,5.185583],[-75.516322,5.185713],[-75.516358,5.185746],[-75.516378,5.185778],[-75.516384,5.185817],[-75.516374,5.185849],[-75.516337,5.18589],[-75.516235,5.185942],[-75.51615,5.185976],[-75.516071,5.185996],[-75.515873,5.186023],[-75.515729,5.186048],[-75.515638,5.186082],[-75.515539,5.186153],[-75.515468,5.186242],[-75.515429,5.186381],[-75.515414,5.186569],[-75.515383,5.186632],[-75.515346,5.186689],[-75.515123,5.186937]]}},{"type":"Feature","properties":{"cls":"minor","kind":"unclassified"},"geometry":{"type":"LineString","coordinates":[[-75.515373,5.187142],[-75.515467,5.187248]]}},{"type":"Feature","properties":{"cls":"minor","kind":"unclassified","bridge":1},"geometry":{"type":"LineString","coordinates":[[-75.515269,5.187045],[-75.515373,5.187142]]}},{"type":"Feature","properties":{"cls":"minor","kind":"unclassified"},"geometry":{"type":"LineString","coordinates":[[-75.513373,5.195391],[-75.513377,5.195366],[-75.51353,5.195165],[-75.513528,5.195049],[-75.51349,5.194928],[-75.513448,5.194566],[-75.513457,5.194454],[-75.513565,5.194248],[-75.51361,5.194009],[-75.513633,5.193652],[-75.51371,5.193131],[-75.513761,5.193014],[-75.513985,5.192873],[-75.514073,5.192801],[-75.514221,5.192318],[-75.514235,5.192207],[-75.514241,5.192089],[-75.514225,5.192029],[-75.514206,5.191993],[-75.514141,5.191964],[-75.514068,5.191964],[-75.514008,5.191963],[-75.513966,5.191944],[-75.513954,5.191907],[-75.513958,5.191869],[-75.513981,5.191826],[-75.514029,5.191785],[-75.514084,5.191764],[-75.514128,5.191733],[-75.514168,5.191705],[-75.514178,5.19167],[-75.514174,5.191635],[-75.51415,5.191599],[-75.514115,5.191584],[-75.514069,5.191567],[-75.514033,5.191546],[-75.514017,5.191524],[-75.514011,5.191494],[-75.514036,5.191466],[-75.514081,5.191447],[-75.514143,5.191439],[-75.514231,5.191436],[-75.514277,5.191438],[-75.514313,5.191419],[-75.514337,5.191382],[-75.514337,5.191343],[-75.514312,5.191241],[-75.514293,5.191192],[-75.514256,5.191146],[-75.514228,5.191134],[-75.514185,5.19113],[-75.514144,5.191132],[-75.514072,5.191185],[-75.514036,5.191194],[-75.514002,5.191192],[-75.513979,5.191177],[-75.513962,5.191157],[-75.513959,5.191138],[-75.513962,5.191106],[-75.513974,5.19108],[-75.514073,5.191001],[-75.514108,5.190953],[-75.514132,5.190885],[-75.514171,5.19078],[-75.514241,5.19068],[-75.514261,5.190634],[-75.514257,5.190586],[-75.514251,5.190531],[-75.514223,5.190481],[-75.514207,5.190453],[-75.514205,5.19042],[-75.51421,5.190393],[-75.51423,5.190334],[-75.514259,5.190289],[-75.514275,5.190256],[-75.514281,5.190226],[-75.514281,5.190182],[-75.514261,5.190149],[-75.514229,5.190113],[-75.514213,5.190087],[-75.514211,5.190068],[-75.514215,5.190048],[-75.514227,5.190023],[-75.514265,5.189987],[-75.514329,5.189952],[-75.514375,5.18992],[-75.514402,5.189894],[-75.514423,5.18986],[-75.514442,5.189796],[-75.514464,5.189722],[-75.51451,5.189517],[-75.514685,5.189196],[-75.514907,5.188868],[-75.51524,5.188368],[-75.515303,5.188259],[-75.515343,5.188192],[-75.515363,5.188136],[-75.515378,5.188074],[-75.515395,5.188008],[-75.51544,5.18796],[-75.515497,5.18791],[-75.515546,5.18788],[-75.515617,5.187844],[-75.515656,5.187821],[-75.515664,5.187809],[-75.515667,5.187791],[-75.515659,5.187765],[-75.515649,5.187749],[-75.515631,5.187739],[-75.515614,5.18774],[-75.515586,5.187749],[-75.515556,5.187755],[-75.51553,5.187755],[-75.515509,5.187747],[-75.515493,5.187726],[-75.515489,5.187703],[-75.515492,5.18768],[-75.515506,5.187658],[-75.515548,5.18762],[-75.515607,5.187567],[-75.515685,5.187518],[-75.515736,5.187503],[-75.515791,5.187498],[-75.515831,5.187491],[-75.51587,5.187483],[-75.515888,5.187473],[-75.515902,5.187454],[-75.51591,5.187425],[-75.515901,5.187401],[-75.515876,5.187371],[-75.515845,5.187357],[-75.515814,5.187349],[-75.515753,5.187333],[-75.515699,5.187333],[-75.515654,5.18734],[-75.51561,5.187344],[-75.515575,5.187343],[-75.515543,5.187328],[-75.515467,5.187248]]}},{"type":"Feature","properties":{"cls":"minor","kind":"unclassified"},"geometry":{"type":"LineString","coordinates":[[-75.495699,5.190114],[-75.495955,5.190214],[-75.496128,5.190274],[-75.496242,5.190373],[-75.496387,5.190555],[-75.496497,5.190639],[-75.497123,5.191001],[-75.497196,5.191065],[-75.497231,5.191102],[-75.497251,5.191156],[-75.49725,5.191442],[-75.49728,5.191472],[-75.49734,5.191486],[-75.497394,5.191468],[-75.497478,5.191327],[-75.497541,5.191243],[-75.497655,5.191219],[-75.497958,5.191291],[-75.498335,5.191427],[-75.49842,5.191427],[-75.498497,5.191424],[-75.498573,5.191414],[-75.49866,5.191414],[-75.498743,5.19143],[-75.498841,5.19147],[-75.498916,5.191518],[-75.499067,5.191639],[-75.499129,5.191673],[-75.499185,5.191682],[-75.499245,5.191663],[-75.499293,5.19163],[-75.49938,5.191486],[-75.499435,5.191439],[-75.499523,5.191401],[-75.499611,5.191392],[-75.49971,5.191415],[-75.499804,5.191444],[-75.500109,5.191615],[-75.500295,5.191689],[-75.500413,5.191729],[-75.500533,5.191729],[-75.500728,5.191718],[-75.500839,5.19175],[-75.500979,5.191809],[-75.501287,5.191991],[-75.501534,5.192143],[-75.501582,5.192192],[-75.501614,5.192258],[-75.501633,5.192323],[-75.501633,5.192405],[-75.501569,5.192975],[-75.501504,5.193397],[-75.501555,5.194008],[-75.501509,5.194232],[-75.501498,5.194441],[-75.501613,5.195151],[-75.501542,5.195342],[-75.501559,5.195406],[-75.50163,5.195482],[-75.501644,5.195568],[-75.501582,5.195734],[-75.501593,5.195902],[-75.501661,5.195954],[-75.501746,5.195922],[-75.502268,5.195418],[-75.502449,5.195371],[-75.50261,5.195407],[-75.502672,5.195385],[-75.502923,5.19504],[-75.50341,5.194758],[-75.503542,5.194688],[-75.503721,5.194679],[-75.503878,5.194731],[-75.50405,5.194808],[-75.5043,5.194826],[-75.504775,5.194963],[-75.504905,5.195137],[-75.504936,5.195382],[-75.504903,5.195721],[-75.504921,5.195998],[-75.504835,5.196232],[-75.504874,5.196437],[-75.50497,5.196582],[-75.505122,5.196617],[-75.505228,5.196532],[-75.505358,5.196276],[-75.50581,5.196005],[-75.506008,5.195988],[-75.506122,5.196036],[-75.506213,5.196215],[-75.506311,5.196313],[-75.506408,5.19633],[-75.506566,5.196265],[-75.506618,5.196262],[-75.506927,5.196314],[-75.507026,5.196308],[-75.507073,5.196257],[-75.507447,5.195561],[-75.507581,5.195449],[-75.507952,5.19535],[-75.50837,5.195314],[-75.50858,5.195288],[-75.508795,5.195077],[-75.50902,5.194694],[-75.509082,5.194634],[-75.509164,5.194612],[-75.509531,5.194658],[-75.509609,5.194702],[-75.509629,5.194784],[-75.509547,5.195068],[-75.509572,5.195424],[-75.509584,5.195726],[-75.509664,5.195902],[-75.509845,5.196048],[-75.509897,5.196204],[-75.510082,5.196617],[-75.510126,5.196777],[-75.510062,5.196952],[-75.510059,5.197344],[-75.510105,5.197481],[-75.51025,5.197603],[-75.510642,5.197706],[-75.510732,5.197728],[-75.510762,5.19779],[-75.510678,5.197805],[-75.510421,5.197802],[-75.510319,5.197832],[-75.509824,5.198236],[-75.50888,5.198604],[-75.508325,5.199043],[-75.508163,5.199075],[-75.507779,5.199392]]}},{"type":"Feature","properties":{"cls":"path","kind":"pedestrian","name":"Carrera 1N"},"geometry":{"type":"LineString","coordinates":[[-75.51578,5.163886],[-75.515842,5.164191]]}},{"type":"Feature","properties":{"cls":"path","kind":"pedestrian","name":"Calle 7"},"geometry":{"type":"LineString","coordinates":[[-75.514931,5.165426],[-75.515092,5.165412]]}},{"type":"Feature","properties":{"cls":"path","kind":"pedestrian","name":"Carrera 1E"},"geometry":{"type":"LineString","coordinates":[[-75.514757,5.165281],[-75.514931,5.165426]]}},{"type":"Feature","properties":{"cls":"path","kind":"pedestrian","name":"Calle 7"},"geometry":{"type":"LineString","coordinates":[[-75.515092,5.165412],[-75.515312,5.165407]]}},{"type":"Feature","properties":{"cls":"path","kind":"pedestrian","name":"Carrera 1F"},"geometry":{"type":"LineString","coordinates":[[-75.514901,5.165182],[-75.515092,5.165412]]}},{"type":"Feature","properties":{"cls":"minor","kind":"residential","name":"Calle 6"},"geometry":{"type":"LineString","coordinates":[[-75.517397,5.164258],[-75.517313,5.164274],[-75.517264,5.164287],[-75.517034,5.164388],[-75.516654,5.164427],[-75.516443,5.164491]]}},{"type":"Feature","properties":{"cls":"path","kind":"pedestrian","name":"Calle 8A"},"geometry":{"type":"LineString","coordinates":[[-75.515709,5.165895],[-75.515917,5.165865]]}},{"type":"Feature","properties":{"cls":"minor","kind":"residential","name":"Carrera 1L"},"geometry":{"type":"LineString","coordinates":[[-75.515758,5.166178],[-75.515917,5.165865],[-75.516018,5.165708],[-75.516108,5.165541],[-75.516215,5.165214]]}},{"type":"Feature","properties":{"cls":"minor","kind":"residential","name":"Carrera 1H"},"geometry":{"type":"LineString","coordinates":[[-75.515711,5.165719],[-75.515697,5.165721],[-75.515685,5.165712],[-75.515576,5.165487],[-75.515497,5.165309],[-75.515083,5.164808]]}},{"type":"Feature","properties":{"cls":"minor","kind":"residential","name":"Calle 7A"},"geometry":{"type":"LineString","coordinates":[[-75.517243,5.164966],[-75.517205,5.165021],[-75.51689,5.165148],[-75.516855,5.165187]]}},{"type":"Feature","properties":{"cls":"minor","kind":"residential","name":"Carrera 3"},"geometry":{"type":"LineString","coordinates":[[-75.517313,5.164274],[-75.517318,5.164397],[-75.517247,5.164502],[-75.517214,5.164587],[-75.517213,5.164708],[-75.517243,5.164966]]}},{"type":"Feature","properties":{"cls":"minor","kind":"unclassified","name":"Carrera 2A"},"geometry":{"type":"LineString","coordinates":[[-75.516162,5.166732],[-75.516178,5.167001]]}},{"type":"Feature","properties":{"cls":"path","kind":"pedestrian","name":"Calle 14"},"geometry":{"type":"LineString","coordinates":[[-75.516766,5.169359],[-75.516518,5.169281],[-75.516288,5.169204]]}},{"type":"Feature","properties":{"cls":"path","kind":"path","name":"Calle 9"},"geometry":{"type":"LineString","coordinates":[[-75.516049,5.167217],[-75.516267,5.167218]]}},{"type":"Feature","properties":{"cls":"minor","kind":"unclassified"},"geometry":{"type":"LineString","coordinates":[[-75.518242,5.164679],[-75.517848,5.164672],[-75.51763,5.164695]]}},{"type":"Feature","properties":{"cls":"minor","kind":"unclassified","name":"Carrera 2A"},"geometry":{"type":"LineString","coordinates":[[-75.516178,5.167001],[-75.516267,5.167218],[-75.516402,5.16754],[-75.516425,5.167676],[-75.516409,5.167764]]}},{"type":"Feature","properties":{"cls":"minor","kind":"residential","name":"Calle 7B"},"geometry":{"type":"LineString","coordinates":[[-75.51651,5.165944],[-75.516289,5.16584],[-75.516018,5.165708]]}},{"type":"Feature","properties":{"cls":"minor","kind":"residential","name":"Calle 7"},"geometry":{"type":"LineString","coordinates":[[-75.51763,5.164695],[-75.517213,5.164708],[-75.516674,5.164922]]}},{"type":"Feature","properties":{"cls":"minor","kind":"residential","name":"Carrera 2A"},"geometry":{"type":"LineString","coordinates":[[-75.516855,5.165187],[-75.51683,5.165248],[-75.51651,5.165944]]}},{"type":"Feature","properties":{"cls":"minor","kind":"residential","name":"Calle 7A"},"geometry":{"type":"LineString","coordinates":[[-75.515576,5.165487],[-75.515617,5.165472],[-75.516215,5.165214],[-75.516464,5.165106],[-75.516631,5.165038]]}},{"type":"Feature","properties":{"cls":"minor","kind":"residential","name":"Carrera 2"},"geometry":{"type":"LineString","coordinates":[[-75.516674,5.164922],[-75.516654,5.164942],[-75.516642,5.164976],[-75.516631,5.165038],[-75.516494,5.165375],[-75.516289,5.16584],[-75.516059,5.166323],[-75.516025,5.166355],[-75.516004,5.166373],[-75.515975,5.166385],[-75.515953,5.166389]]}},{"type":"Feature","properties":{"cls":"minor","kind":"residential","name":"Carrera 4"},"geometry":{"type":"LineString","coordinates":[[-75.516872,5.169024],[-75.516766,5.169359]]}},{"type":"Feature","properties":{"cls":"minor","kind":"residential","name":"Calle 13"},"geometry":{"type":"LineString","coordinates":[[-75.516092,5.168308],[-75.51555,5.16806]]}},{"type":"Feature","properties":{"cls":"minor","kind":"unclassified","name":"Calle 3"},"geometry":{"type":"LineString","coordinates":[[-75.518379,5.162243],[-75.518868,5.162397],[-75.519239,5.162485],[-75.519674,5.162513],[-75.519933,5.162545],[-75.520105,5.16262],[-75.520313,5.162758],[-75.520405,5.162842]]}},{"type":"Feature","properties":{"cls":"minor","kind":"residential","name":"Calle 6"},"geometry":{"type":"LineString","coordinates":[[-75.521787,5.164363],[-75.522299,5.164334]]}},{"type":"Feature","properties":{"cls":"minor","kind":"residential","name":"Calle 8"},"geometry":{"type":"LineString","coordinates":[[-75.522526,5.16566],[-75.522681,5.165642],[-75.522812,5.165644],[-75.522895,5.165677],[-75.522968,5.165708],[-75.523056,5.165771],[-75.523198,5.165826]]}},{"type":"Feature","properties":{"cls":"path","kind":"pedestrian","name":"Carrera 13"},"geometry":{"type":"LineString","coordinates":[[-75.523097,5.164496],[-75.523175,5.164692]]}},{"type":"Feature","properties":{"cls":"path","kind":"pedestrian","name":"Calle 7B"},"geometry":{"type":"LineString","coordinates":[[-75.52327,5.165085],[-75.522826,5.165258]]}},{"type":"Feature","properties":{"cls":"path","kind":"steps","name":"Carrera 12A"},"geometry":{"type":"LineString","coordinates":[[-75.523042,5.165445],[-75.522969,5.165406],[-75.522933,5.165386],[-75.522903,5.165355],[-75.522826,5.165258],[-75.522785,5.165168],[-75.522754,5.165057],[-75.522675,5.164877]]}},{"type":"Feature","properties":{"cls":"path","kind":"pedestrian","name":"Calle 7A"},"geometry":{"type":"LineString","coordinates":[[-75.522754,5.165057],[-75.523219,5.16486]]}},{"type":"Feature","properties":{"cls":"path","kind":"pedestrian","name":"Calle 7"},"geometry":{"type":"LineString","coordinates":[[-75.522157,5.164997],[-75.522402,5.164969],[-75.522675,5.164877],[-75.523175,5.164692],[-75.523325,5.164584]]}},{"type":"Feature","properties":{"cls":"minor","kind":"residential","name":"Calle 7"},"geometry":{"type":"LineString","coordinates":[[-75.522157,5.164997],[-75.521856,5.16503]]}},{"type":"Feature","properties":{"cls":"path","kind":"pedestrian","name":"Calle 7B"},"geometry":{"type":"LineString","coordinates":[[-75.523453,5.165035],[-75.523609,5.164943]]}},{"type":"Feature","properties":{"cls":"path","kind":"pedestrian","name":"Carrera 13A"},"geometry":{"type":"LineString","coordinates":[[-75.523609,5.164943],[-75.523533,5.164759]]}},{"type":"Feature","properties":{"cls":"minor","kind":"residential","name":"Carrera 13"},"geometry":{"type":"LineString","coordinates":[[-75.523175,5.164692],[-75.523219,5.16486]]}},{"type":"Feature","properties":{"cls":"minor","kind":"residential","name":"Calle 7A"},"geometry":{"type":"LineString","coordinates":[[-75.523219,5.16486],[-75.523533,5.164759],[-75.523768,5.164669]]}},{"type":"Feature","properties":{"cls":"minor","kind":"unclassified","name":"Carrera 14"},"geometry":{"type":"LineString","coordinates":[[-75.523839,5.165489],[-75.523889,5.165368],[-75.52391,5.165314],[-75.52392,5.165249],[-75.523909,5.165104],[-75.523856,5.164899],[-75.523768,5.164669],[-75.523561,5.164318],[-75.523308,5.164006]]}},{"type":"Feature","properties":{"cls":"minor","kind":"unclassified","name":"Calle 8"},"geometry":{"type":"LineString","coordinates":[[-75.524381,5.165479],[-75.524143,5.165602],[-75.524074,5.165616],[-75.524016,5.165613],[-75.523888,5.165559]]}},{"type":"Feature","properties":{"cls":"minor","kind":"residential","name":"Carrera 14"},"geometry":{"type":"LineString","coordinates":[[-75.52299,5.168456],[-75.523066,5.16851],[-75.523129,5.168506],[-75.523184,5.168468],[-75.523274,5.16815],[-75.523347,5.167991],[-75.523485,5.167817],[-75.523556,5.167689],[-75.523864,5.166969],[-75.523916,5.166503],[-75.5239,5.166264],[-75.523843,5.165919],[-75.523843,5.165677],[-75.523888,5.165559]]}},{"type":"Feature","properties":{"cls":"minor","kind":"residential","name":"Carrera 7"},"geometry":{"type":"LineString","coordinates":[[-75.519302,5.16855],[-75.519405,5.168652],[-75.519459,5.168765],[-75.519443,5.168867],[-75.519365,5.168974]]}},{"type":"Feature","properties":{"cls":"path","kind":"pedestrian","name":"Carrera 6B"},"geometry":{"type":"LineString","coordinates":[[-75.519307,5.169662],[-75.51926,5.169094],[-75.519189,5.169032]]}},{"type":"Feature","properties":{"cls":"minor","kind":"service"},"geometry":{"type":"LineString","coordinates":[[-75.519212,5.168977],[-75.519189,5.169032],[-75.519137,5.169074],[-75.51887,5.169125]]}},{"type":"Feature","properties":{"cls":"path","kind":"pedestrian","name":"Carrera 6"},"geometry":{"type":"LineString","coordinates":[[-75.518983,5.169588],[-75.51887,5.169125]]}},{"type":"Feature","properties":{"cls":"medium","kind":"secondary","name":"Carrera 5"},"geometry":{"type":"LineString","coordinates":[[-75.518391,5.164911],[-75.518383,5.165003],[-75.518365,5.165079],[-75.518325,5.165243],[-75.518301,5.165308],[-75.51811,5.16593],[-75.517964,5.166527],[-75.517952,5.166612],[-75.517967,5.166699],[-75.518015,5.166782],[-75.518194,5.167056],[-75.518251,5.167159],[-75.518261,5.167257],[-75.518253,5.167418],[-75.518261,5.167552],[-75.51829,5.167673],[-75.518392,5.167957],[-75.518453,5.168478],[-75.518472,5.168602],[-75.518443,5.168789],[-75.518457,5.168935],[-75.518522,5.169114],[-75.518681,5.169425],[-75.518721,5.169562],[-75.518732,5.169709],[-75.518707,5.169916]]}},{"type":"Feature","properties":{"cls":"medium","kind":"secondary","name":"Calle 13"},"geometry":{"type":"LineString","coordinates":[[-75.518707,5.169916],[-75.518725,5.170098],[-75.518789,5.170182],[-75.518936,5.170241],[-75.519525,5.17028],[-75.519667,5.170344],[-75.519741,5.17047]]}},{"type":"Feature","properties":{"cls":"minor","kind":"residential","name":"Carrera 10"},"geometry":{"type":"LineString","coordinates":[[-75.521466,5.168979],[-75.521425,5.169001],[-75.521116,5.169531],[-75.521015,5.169616]]}},{"type":"Feature","properties":{"cls":"path","kind":"pedestrian","name":"Calle 14"},"geometry":{"type":"LineString","coordinates":[[-75.520328,5.169601],[-75.520085,5.169622],[-75.519856,5.169604]]}},{"type":"Feature","properties":{"cls":"minor","kind":"residential","name":"Calle 9"},"geometry":{"type":"LineString","coordinates":[[-75.523229,5.166324],[-75.522605,5.166347],[-75.52193,5.166389],[-75.52127,5.166428],[-75.520615,5.166469],[-75.519959,5.166503],[-75.519281,5.166545],[-75.518468,5.166579],[-75.517952,5.166612]]}},{"type":"Feature","properties":{"cls":"minor","kind":"residential"},"geometry":{"type":"LineString","coordinates":[[-75.516691,5.162423],[-75.516785,5.162633],[-75.516944,5.162835],[-75.517083,5.162951],[-75.517377,5.163103],[-75.517484,5.163163],[-75.517579,5.163287]]}},{"type":"Feature","properties":{"cls":"minor","kind":"unclassified"},"geometry":{"type":"LineString","coordinates":[[-75.508314,5.175071],[-75.5084,5.175303],[-75.508505,5.175466],[-75.508615,5.175562],[-75.508738,5.175603],[-75.508832,5.175618],[-75.508977,5.175597],[-75.509092,5.17553],[-75.50921,5.175442],[-75.509339,5.175282],[-75.509489,5.175117],[-75.509526,5.175092],[-75.50956,5.175076],[-75.509628,5.175052],[-75.509647,5.175032],[-75.50965,5.175004],[-75.509644,5.174982],[-75.509633,5.174963],[-75.509616,5.174949],[-75.509597,5.174943],[-75.509564,5.174943],[-75.509529,5.174955],[-75.509502,5.174971],[-75.509476,5.174982],[-75.50945,5.174995],[-75.509431,5.175002],[-75.50942,5.175004],[-75.509411,5.175002],[-75.509405,5.174997],[-75.5094,5.17499],[-75.509395,5.174971],[-75.509394,5.174941],[-75.509393,5.174876],[-75.509409,5.174794],[-75.509468,5.174713],[-75.50956,5.174619],[-75.509599,5.174591],[-75.509632,5.174577],[-75.509668,5.174575],[-75.509695,5.17458],[-75.509717,5.174589],[-75.509815,5.17465],[-75.509878,5.174696],[-75.510111,5.174812],[-75.51015,5.174817],[-75.510187,5.174805],[-75.510199,5.174783],[-75.510199,5.174746],[-75.510185,5.174693],[-75.510168,5.17465],[-75.51018,5.174609],[-75.510208,5.174593],[-75.510242,5.174595],[-75.510289,5.17461],[-75.510365,5.174647],[-75.510389,5.174656],[-75.510404,5.174655],[-75.510418,5.174643],[-75.510424,5.174626],[-75.510426,5.174603],[-75.510421,5.174508],[-75.510426,5.174492],[-75.510438,5.174479],[-75.510454,5.17447],[-75.510475,5.174475],[-75.510508,5.174494],[-75.510565,5.174539],[-75.510714,5.174761],[-75.510784,5.17485],[-75.510828,5.174915],[-75.510851,5.174941],[-75.510885,5.17495],[-75.510914,5.174952],[-75.510948,5.174932],[-75.510975,5.174892],[-75.511008,5.174802],[-75.511033,5.174724],[-75.511073,5.174666],[-75.511117,5.174618],[-75.511131,5.17461],[-75.511149,5.174613],[-75.511162,5.174616],[-75.511172,5.174629],[-75.51118,5.174642],[-75.511182,5.174658],[-75.51118,5.1747],[-75.511164,5.174989],[-75.51117,5.175028],[-75.511188,5.175071],[-75.511241,5.175104],[-75.511296,5.175118],[-75.511335,5.17512],[-75.511379,5.175096],[-75.511463,5.175035],[-75.511501,5.175018],[-75.511523,5.175015],[-75.511546,5.175018],[-75.511581,5.17504],[-75.511623,5.17507],[-75.511652,5.175076],[-75.51168,5.175064],[-75.511701,5.175037],[-75.511747,5.174897],[-75.511763,5.174866],[-75.511777,5.174853],[-75.511788,5.174847],[-75.5118,5.174849],[-75.511818,5.174861],[-75.511841,5.174881],[-75.511894,5.174925],[-75.511917,5.17495],[-75.511965,5.174985],[-75.512007,5.175002],[-75.512065,5.175003],[-75.512146,5.175004],[-75.512212,5.175018],[-75.51226,5.17505],[-75.512298,5.17511],[-75.512332,5.175266],[-75.512353,5.175336],[-75.512398,5.175397],[-75.512471,5.175422],[-75.51257,5.175423],[-75.512818,5.175427],[-75.512985,5.175443],[-75.513039,5.175432],[-75.513081,5.175407],[-75.51311,5.175374],[-75.513117,5.175319],[-75.513098,5.175261],[-75.513057,5.175214],[-75.512929,5.175016],[-75.512926,5.174975],[-75.512942,5.17495],[-75.512967,5.174936],[-75.513004,5.174928],[-75.513089,5.174917],[-75.513137,5.174891],[-75.513166,5.174853],[-75.513185,5.174812],[-75.513195,5.174766],[-75.513212,5.174558],[-75.513238,5.174491],[-75.513279,5.174434],[-75.513311,5.174399],[-75.513365,5.174376],[-75.513415,5.174367],[-75.513508,5.174344],[-75.513561,5.174321],[-75.5136,5.174282],[-75.513631,5.174243],[-75.513819,5.174042],[-75.513876,5.173906],[-75.513894,5.173892],[-75.513915,5.173889],[-75.513948,5.1739],[-75.513966,5.173913],[-75.514021,5.173968],[-75.514086,5.174022],[-75.514151,5.174054],[-75.514222,5.174067],[-75.51428,5.174066],[-75.514311,5.174036],[-75.514317,5.174009],[-75.514294,5.173952],[-75.514091,5.173564],[-75.513905,5.173187],[-75.513895,5.173144],[-75.513904,5.173109],[-75.513943,5.173087],[-75.513992,5.173101],[-75.514242,5.173336],[-75.514296,5.173368],[-75.51434,5.17338],[-75.514364,5.173377],[-75.514383,5.173367],[-75.51439,5.173346],[-75.51439,5.173326],[-75.514381,5.173025],[-75.514395,5.172744],[-75.514422,5.172568],[-75.514439,5.172535],[-75.514474,5.172529],[-75.514645,5.172534],[-75.51469,5.172532],[-75.514732,5.172522],[-75.514764,5.172499],[-75.514775,5.17246],[-75.514758,5.172421],[-75.51474,5.172384],[-75.514717,5.17236],[-75.514681,5.172313],[-75.514681,5.172286],[-75.514688,5.172263],[-75.514711,5.172241],[-75.514792,5.172204],[-75.514826,5.17219],[-75.514838,5.172175],[-75.514842,5.172152],[-75.51484,5.172132],[-75.514827,5.172113],[-75.514763,5.172065],[-75.514747,5.172039],[-75.514743,5.172007],[-75.514757,5.171939],[-75.514778,5.171866],[-75.514819,5.171826],[-75.51531,5.171678],[-75.515478,5.171672],[-75.515594,5.171689],[-75.515703,5.171745],[-75.516047,5.172078],[-75.516148,5.172124],[-75.51623,5.172124],[-75.516275,5.172056],[-75.516291,5.171997],[-75.516298,5.171542],[-75.516267,5.171038],[-75.516255,5.170977],[-75.516249,5.170906],[-75.516249,5.170868],[-75.516259,5.170837],[-75.516282,5.170805],[-75.516413,5.170694],[-75.516453,5.170673],[-75.516509,5.170653],[-75.516559,5.170594],[-75.516604,5.17049],[-75.516673,5.17041],[-75.516703,5.170336],[-75.516739,5.170089],[-75.516804,5.169932],[-75.516908,5.169695],[-75.517074,5.1695],[-75.517094,5.169374],[-75.517056,5.169256],[-75.517007,5.169161],[-75.516937,5.16907],[-75.516872,5.169024]]}},{"type":"Feature","properties":{"cls":"minor","kind":"unclassified"},"geometry":{"type":"LineString","coordinates":[[-75.501703,5.143752],[-75.501703,5.143836],[-75.501717,5.144023],[-75.501724,5.144036],[-75.501734,5.144043],[-75.501754,5.144045],[-75.501773,5.144043],[-75.501795,5.144038],[-75.501911,5.144008],[-75.502025,5.143984],[-75.50212,5.143986],[-75.502176,5.14399],[-75.50223,5.144008],[-75.502275,5.144037],[-75.502303,5.14407],[-75.502342,5.144166],[-75.502364,5.144254],[-75.502388,5.144356],[-75.502476,5.144758],[-75.502501,5.144807],[-75.50253,5.144847],[-75.502565,5.144881],[-75.502622,5.14492],[-75.502686,5.144965],[-75.502758,5.14502],[-75.502783,5.145056],[-75.502794,5.145097],[-75.502819,5.14525],[-75.502885,5.145597],[-75.502897,5.145719],[-75.502898,5.145891],[-75.502909,5.145936],[-75.502927,5.145969],[-75.502953,5.146002],[-75.502981,5.146023],[-75.503018,5.146049],[-75.50306,5.146072],[-75.50342,5.146248],[-75.503469,5.146283],[-75.503488,5.146319],[-75.503495,5.146371],[-75.503497,5.146415],[-75.503496,5.146449],[-75.503486,5.146518],[-75.503492,5.146562],[-75.503497,5.14659],[-75.503508,5.146612],[-75.503522,5.146629],[-75.504162,5.146947],[-75.504175,5.14695],[-75.504188,5.14695],[-75.504212,5.146949],[-75.504279,5.146937],[-75.504333,5.146928],[-75.504361,5.14693],[-75.504382,5.146942],[-75.504402,5.146971],[-75.504412,5.147],[-75.504415,5.147035],[-75.504412,5.147154],[-75.504385,5.147621],[-75.504395,5.147664],[-75.504417,5.147694],[-75.504445,5.147727],[-75.504587,5.14791],[-75.504606,5.147945],[-75.504617,5.147989],[-75.504624,5.148061],[-75.50462,5.148183],[-75.504612,5.148255],[-75.504595,5.148302],[-75.504462,5.148563],[-75.504323,5.148733],[-75.504297,5.148766],[-75.504239,5.148827],[-75.504231,5.148837],[-75.504225,5.148848],[-75.504221,5.148856],[-75.504221,5.148863],[-75.504223,5.148869],[-75.504232,5.148886],[-75.504269,5.148939],[-75.504359,5.149057],[-75.504457,5.149186],[-75.504549,5.149291],[-75.504568,5.149305],[-75.504585,5.149311],[-75.5046,5.149311],[-75.504616,5.149307],[-75.504627,5.149303],[-75.504646,5.149297],[-75.50466,5.149289],[-75.504678,5.149281],[-75.504715,5.14926],[-75.504744,5.149233],[-75.504776,5.149201],[-75.504794,5.14918],[-75.504809,5.149172],[-75.504825,5.149166],[-75.504847,5.149166],[-75.504869,5.14917],[-75.5049,5.149182],[-75.504939,5.149202],[-75.505135,5.149411],[-75.505233,5.149503],[-75.505345,5.14957],[-75.505493,5.149659],[-75.505527,5.149701],[-75.505549,5.149744],[-75.505553,5.149787],[-75.505543,5.149827],[-75.505523,5.149908],[-75.505517,5.149998],[-75.505526,5.150062],[-75.50554,5.150104],[-75.505574,5.15015],[-75.505592,5.150166],[-75.505617,5.150179],[-75.506341,5.150354],[-75.506466,5.150405],[-75.50655,5.150459],[-75.506631,5.150539],[-75.50668,5.150595],[-75.5067,5.15062],[-75.506966,5.151031],[-75.507007,5.151078],[-75.507037,5.151112],[-75.507057,5.151123],[-75.507074,5.151129],[-75.507088,5.151131],[-75.507099,5.15113],[-75.507112,5.151126],[-75.507124,5.151116],[-75.507136,5.151098],[-75.507205,5.150945],[-75.507236,5.150874],[-75.507282,5.150733],[-75.507398,5.150467],[-75.507407,5.150435],[-75.507416,5.150393],[-75.507451,5.150101],[-75.507477,5.150022],[-75.507507,5.149975],[-75.507555,5.149931],[-75.507684,5.149878],[-75.507828,5.149851],[-75.507908,5.149856],[-75.507993,5.149884],[-75.508057,5.149912],[-75.508132,5.149947],[-75.508518,5.150254],[-75.508554,5.150309],[-75.508576,5.150358],[-75.508655,5.150599],[-75.508823,5.151026],[-75.509021,5.151464],[-75.509039,5.151523],[-75.509043,5.151574],[-75.509023,5.151657]]}},{"type":"Feature","properties":{"cls":"minor","kind":"unclassified"},"geometry":{"type":"LineString","coordinates":[[-75.54036,5.178243],[-75.540229,5.178218],[-75.540112,5.178186],[-75.540021,5.178143],[-75.539955,5.178127],[-75.539855,5.178115],[-75.539568,5.17814],[-75.539445,5.178161],[-75.539286,5.178175],[-75.538944,5.17819],[-75.538887,5.178195],[-75.538857,5.17819],[-75.538822,5.178175],[-75.538768,5.178131],[-75.538644,5.178017],[-75.538503,5.177857],[-75.537942,5.176921],[-75.537813,5.176782],[-75.537709,5.176719],[-75.5376,5.176614],[-75.537453,5.176455],[-75.537384,5.176389],[-75.537368,5.176334],[-75.537388,5.176281],[-75.537439,5.176241],[-75.53755,5.176181],[-75.537615,5.176122],[-75.537674,5.17609],[-75.537804,5.176058],[-75.53791,5.176045],[-75.538021,5.176005],[-75.538149,5.175943],[-75.53821,5.175871],[-75.538311,5.175724],[-75.538331,5.175649],[-75.538339,5.175566],[-75.538327,5.175473],[-75.538335,5.175255],[-75.538323,5.175179],[-75.538279,5.17511],[-75.538163,5.174917],[-75.538075,5.174717],[-75.538004,5.17465],[-75.537951,5.174621],[-75.537917,5.17459],[-75.537887,5.174553],[-75.537884,5.174495],[-75.53791,5.174447],[-75.538064,5.174284],[-75.538122,5.174173],[-75.538304,5.173717],[-75.538318,5.173644],[-75.538318,5.173598],[-75.538302,5.173539],[-75.538279,5.173508],[-75.538245,5.173484],[-75.53797,5.173352],[-75.537933,5.173323],[-75.537913,5.173297],[-75.537898,5.173268],[-75.537887,5.17321],[-75.537887,5.173158],[-75.537883,5.173025],[-75.537895,5.172951],[-75.537919,5.172875],[-75.537966,5.172802],[-75.538072,5.172693],[-75.5381,5.17266],[-75.538124,5.172607],[-75.538138,5.17251],[-75.538107,5.172352],[-75.537938,5.172275],[-75.537876,5.172234],[-75.537852,5.172183],[-75.537842,5.17214],[-75.537853,5.17211],[-75.537882,5.172089],[-75.537946,5.172063],[-75.53802,5.172027],[-75.538063,5.171982],[-75.538082,5.171931],[-75.53809,5.171869],[-75.538091,5.171791],[-75.538118,5.171716],[-75.538201,5.171618],[-75.538265,5.171579],[-75.538302,5.171562],[-75.538346,5.171556],[-75.538432,5.171572],[-75.538477,5.171577],[-75.538517,5.17157],[-75.53855,5.171539],[-75.538575,5.171503],[-75.538587,5.171457],[-75.53858,5.171405],[-75.538567,5.171357],[-75.538375,5.171091],[-75.538302,5.171023],[-75.538225,5.170971],[-75.538154,5.170932],[-75.538083,5.170917],[-75.538016,5.170921],[-75.537949,5.170942],[-75.53788,5.170961],[-75.537841,5.170962],[-75.537803,5.170947],[-75.537786,5.170916],[-75.537778,5.170868],[-75.5378,5.170821],[-75.537867,5.170751],[-75.538101,5.17053],[-75.538111,5.170509],[-75.53811,5.170487],[-75.538101,5.170458],[-75.538063,5.170439],[-75.537993,5.170418],[-75.537961,5.170392],[-75.537939,5.170357],[-75.537904,5.170259],[-75.537824,5.169969],[-75.537773,5.169856],[-75.537693,5.169759],[-75.537581,5.169702],[-75.537461,5.169665],[-75.537364,5.169647],[-75.537316,5.169613],[-75.53729,5.169585],[-75.53728,5.169543],[-75.537298,5.1695],[-75.537355,5.169472],[-75.537448,5.169471],[-75.537514,5.16946],[-75.537577,5.169432],[-75.537703,5.169362],[-75.537816,5.169302],[-75.53787,5.169261],[-75.53791,5.169219],[-75.537931,5.169158],[-75.537942,5.169075],[-75.537937,5.169],[-75.537945,5.168947],[-75.537966,5.168906],[-75.538019,5.168863],[-75.53808,5.168815],[-75.538108,5.168755],[-75.53812,5.168671],[-75.538114,5.168581],[-75.538049,5.168338],[-75.538022,5.168309],[-75.537995,5.168293],[-75.53795,5.168294],[-75.537906,5.16831],[-75.537849,5.168353],[-75.537821,5.168391],[-75.537815,5.168431],[-75.537817,5.168499],[-75.537808,5.168554],[-75.537783,5.168592],[-75.537748,5.168615],[-75.537709,5.168629],[-75.537638,5.168635],[-75.537536,5.16864],[-75.537483,5.168656],[-75.53743,5.168687],[-75.537406,5.168729],[-75.537396,5.168803],[-75.537384,5.168924],[-75.537391,5.16901],[-75.537415,5.16908],[-75.537411,5.169129],[-75.537398,5.16916],[-75.537367,5.169177],[-75.537337,5.169172],[-75.537312,5.169154],[-75.537299,5.169137],[-75.537283,5.169107],[-75.537274,5.169031],[-75.537276,5.168942],[-75.537251,5.168832],[-75.537222,5.168724],[-75.537174,5.168507],[-75.537154,5.168484],[-75.537133,5.168471],[-75.537094,5.168465],[-75.537053,5.16847],[-75.537009,5.168476],[-75.536969,5.168477],[-75.536925,5.168474],[-75.536865,5.168446],[-75.536821,5.16841],[-75.536785,5.168363],[-75.536712,5.168262],[-75.53664,5.168199],[-75.536565,5.168166],[-75.53651,5.16816],[-75.536444,5.16817],[-75.536404,5.168195],[-75.53636,5.168203],[-75.536305,5.168188],[-75.536267,5.168166],[-75.5362,5.168135],[-75.536119,5.168087],[-75.536004,5.168036],[-75.535871,5.168019],[-75.535698,5.168025],[-75.535516,5.168045],[-75.53545,5.168023],[-75.535415,5.167973],[-75.535421,5.167891],[-75.535475,5.167837],[-75.535985,5.167643],[-75.536043,5.16761],[-75.536078,5.167551],[-75.536093,5.167476],[-75.536074,5.167392],[-75.536046,5.167319],[-75.53596,5.167233],[-75.535795,5.167057],[-75.535759,5.167016],[-75.535725,5.166929],[-75.535698,5.166842],[-75.535638,5.166754],[-75.535617,5.166726],[-75.535586,5.166703],[-75.535535,5.166666],[-75.5355,5.16665],[-75.535464,5.166646],[-75.535424,5.166647],[-75.535399,5.166635],[-75.535386,5.166626],[-75.53538,5.166611],[-75.535376,5.166595],[-75.535381,5.166582],[-75.535407,5.166564],[-75.535501,5.166535],[-75.535545,5.166503],[-75.535563,5.166473],[-75.535567,5.166455],[-75.535558,5.166435],[-75.535531,5.166412],[-75.535494,5.166397],[-75.535438,5.166382],[-75.535339,5.166342],[-75.535298,5.166304],[-75.535275,5.166243],[-75.535262,5.166186],[-75.535258,5.166106],[-75.535239,5.166062],[-75.535219,5.166028],[-75.535196,5.166009],[-75.535163,5.165994],[-75.535104,5.16598],[-75.535018,5.165979],[-75.534952,5.16598],[-75.534907,5.165976],[-75.534871,5.165954],[-75.534844,5.16593],[-75.534841,5.165902],[-75.534843,5.165868],[-75.534868,5.16584],[-75.534909,5.165816],[-75.534953,5.165792],[-75.535005,5.165749],[-75.535076,5.165648],[-75.535098,5.165627],[-75.535126,5.165616],[-75.535166,5.16561],[-75.535207,5.165618],[-75.535235,5.165642],[-75.535278,5.165675],[-75.535294,5.165691],[-75.535313,5.165702],[-75.535331,5.165702],[-75.53535,5.165696],[-75.535363,5.165685],[-75.535391,5.165653],[-75.535489,5.165568],[-75.535518,5.165548],[-75.535556,5.165537],[-75.53561,5.165541],[-75.535662,5.165556],[-75.535795,5.165601],[-75.535823,5.165616],[-75.535865,5.165623],[-75.535904,5.165617],[-75.535929,5.165586],[-75.535938,5.165542],[-75.535936,5.16548],[-75.53593,5.165355],[-75.535917,5.165289],[-75.535894,5.16515],[-75.535837,5.164951],[-75.535811,5.164842],[-75.535846,5.164765],[-75.5359,5.16471],[-75.535976,5.164674],[-75.536128,5.164665],[-75.53622,5.164646],[-75.53631,5.164609],[-75.536393,5.164595],[-75.536488,5.164587],[-75.536577,5.164585]]}},{"type":"Feature","properties":{"cls":"minor","kind":"unclassified"},"geometry":{"type":"LineString","coordinates":[[-75.530572,5.147621],[-75.530522,5.147831],[-75.53048,5.147933],[-75.530193,5.148446],[-75.53017,5.148499],[-75.530174,5.148558],[-75.530412,5.149044],[-75.530427,5.149103],[-75.530429,5.149199],[-75.530362,5.14956],[-75.530333,5.149627],[-75.530204,5.149789],[-75.530197,5.149837],[-75.530201,5.149912],[-75.530259,5.150036],[-75.530256,5.150119],[-75.530203,5.150225],[-75.530034,5.150365],[-75.529996,5.150416],[-75.529755,5.150834],[-75.529637,5.151196],[-75.529607,5.151277],[-75.529179,5.151988],[-75.528796,5.152723],[-75.528758,5.15284],[-75.52869,5.153334],[-75.528603,5.153641],[-75.528553,5.153759]]}},{"type":"Feature","properties":{"cls":"minor","kind":"residential","name":"Calle 11"},"geometry":{"type":"LineString","coordinates":[[-75.523302,5.167633],[-75.522707,5.167677]]}},{"type":"Feature","properties":{"cls":"minor","kind":"residential","name":"Carrera 11"},"geometry":{"type":"LineString","coordinates":[[-75.522023,5.167722],[-75.522046,5.168181]]}},{"type":"Feature","properties":{"cls":"minor","kind":"residential"},"geometry":{"type":"LineString","coordinates":[[-75.544586,5.191691],[-75.54468,5.19167],[-75.544766,5.191659],[-75.544824,5.191656],[-75.544983,5.191661],[-75.545054,5.191665],[-75.545118,5.191651],[-75.545198,5.191609]]}},{"type":"Feature","properties":{"cls":"minor","kind":"unclassified"},"geometry":{"type":"LineString","coordinates":[[-75.547736,5.187718],[-75.547701,5.187834],[-75.547664,5.187883],[-75.547613,5.187905],[-75.547524,5.187897],[-75.547436,5.187924],[-75.547385,5.187986],[-75.547344,5.188063],[-75.547341,5.188139],[-75.547365,5.188205],[-75.547413,5.188262],[-75.547424,5.188324],[-75.547409,5.188376],[-75.547361,5.188422],[-75.547217,5.188487],[-75.54706,5.188527],[-75.546934,5.188546],[-75.546779,5.188541],[-75.546726,5.188549],[-75.546679,5.188577],[-75.546651,5.18861],[-75.546644,5.188647],[-75.546652,5.188681],[-75.546691,5.188725],[-75.546768,5.188769],[-75.546914,5.188839],[-75.546946,5.188866],[-75.546956,5.188898],[-75.546956,5.188925],[-75.546946,5.188955],[-75.546922,5.188972],[-75.546874,5.188981],[-75.546762,5.189],[-75.546675,5.189045],[-75.546591,5.189092],[-75.546504,5.189153],[-75.546434,5.189214],[-75.546328,5.189374],[-75.546303,5.189418],[-75.546274,5.189448],[-75.546245,5.18946],[-75.546199,5.189468],[-75.546041,5.189498],[-75.545918,5.189524],[-75.545818,5.189565],[-75.545779,5.189586],[-75.545747,5.189586],[-75.54572,5.189567],[-75.545713,5.189538],[-75.545719,5.189502],[-75.545747,5.189444],[-75.545798,5.189394],[-75.545908,5.189309],[-75.545927,5.189271],[-75.545928,5.189239],[-75.54591,5.189211],[-75.545877,5.189186],[-75.545846,5.189174],[-75.545808,5.189171],[-75.5457,5.189222],[-75.545498,5.189338],[-75.545081,5.189617],[-75.5449,5.189716],[-75.5448,5.189764],[-75.544732,5.189801],[-75.54465,5.189882],[-75.544597,5.189962],[-75.544536,5.190042],[-75.544476,5.190158]]}},{"type":"Feature","properties":{"cls":"minor","kind":"unclassified"},"geometry":{"type":"LineString","coordinates":[[-75.523086,5.193541],[-75.523049,5.193596],[-75.52301,5.193715],[-75.522861,5.193867],[-75.522831,5.193935],[-75.522824,5.194015],[-75.522784,5.194064],[-75.522624,5.194076],[-75.52235,5.194045],[-75.522232,5.19409],[-75.522009,5.194342]]}},{"type":"Feature","properties":{"cls":"minor","kind":"unclassified"},"geometry":{"type":"LineString","coordinates":[[-75.527675,5.192921],[-75.527784,5.193078],[-75.527869,5.193205],[-75.527952,5.193265],[-75.527945,5.193372],[-75.527827,5.1934],[-75.527535,5.193488],[-75.527384,5.193591],[-75.527342,5.193696],[-75.52719,5.193781],[-75.527124,5.19382],[-75.527101,5.193887],[-75.52714,5.193917],[-75.527227,5.19391],[-75.527388,5.193894],[-75.527664,5.193952],[-75.527744,5.194003],[-75.527795,5.194066],[-75.527772,5.194155],[-75.527646,5.194289],[-75.527524,5.194303],[-75.527358,5.194301],[-75.527315,5.194347],[-75.527269,5.194467],[-75.527087,5.19474],[-75.526928,5.194835],[-75.526719,5.195108],[-75.526484,5.195628]]}},{"type":"Feature","properties":{"cls":"minor","kind":"service"},"geometry":{"type":"LineString","coordinates":[[-75.517761,5.186891],[-75.517691,5.186957],[-75.517522,5.1871],[-75.517345,5.187319],[-75.517284,5.187503],[-75.517184,5.187596],[-75.516948,5.187671],[-75.516876,5.187762],[-75.516884,5.187885],[-75.516944,5.187949],[-75.517083,5.188],[-75.517379,5.187985],[-75.517454,5.188033],[-75.517494,5.188117],[-75.517533,5.188277],[-75.517539,5.188467],[-75.517581,5.188543],[-75.51773,5.188602],[-75.517879,5.188644],[-75.518,5.188713],[-75.518064,5.188844],[-75.51807,5.188999],[-75.517997,5.189127],[-75.517938,5.189159],[-75.517831,5.189124],[-75.517667,5.189042],[-75.517589,5.189057],[-75.517525,5.189111],[-75.517434,5.189242],[-75.517335,5.189365],[-75.51731,5.189445],[-75.5173,5.189653],[-75.51727,5.189733],[-75.517152,5.189862],[-75.517088,5.189955],[-75.517045,5.190094],[-75.517066,5.19022],[-75.517099,5.19034],[-75.517093,5.190481],[-75.517061,5.19058],[-75.517029,5.190666],[-75.517034,5.190759],[-75.517089,5.190832],[-75.517155,5.190847],[-75.517231,5.190814],[-75.517446,5.190609],[-75.517555,5.190523],[-75.517616,5.190517],[-75.517657,5.190548],[-75.51775,5.190834],[-75.517793,5.191117],[-75.51778,5.191491],[-75.51782,5.191574],[-75.517925,5.191656]]}},{"type":"Feature","properties":{"cls":"minor","kind":"unclassified"},"geometry":{"type":"LineString","coordinates":[[-75.537508,5.164231],[-75.537462,5.1641],[-75.537415,5.163982],[-75.537379,5.163913],[-75.537302,5.163857],[-75.537237,5.163761],[-75.53718,5.163691],[-75.537144,5.163612],[-75.537133,5.163523],[-75.537172,5.163461],[-75.537267,5.163393],[-75.537387,5.163356],[-75.537437,5.163324],[-75.53749,5.163282],[-75.537591,5.163242],[-75.537711,5.163223],[-75.537802,5.163228],[-75.537857,5.163246],[-75.537895,5.163295],[-75.537956,5.163371],[-75.538015,5.163445],[-75.538066,5.163485],[-75.538173,5.163523],[-75.538259,5.163546],[-75.538316,5.163545],[-75.538372,5.163524],[-75.538568,5.163382],[-75.538599,5.163351],[-75.538619,5.163313],[-75.538637,5.163272],[-75.538664,5.16324],[-75.538695,5.163223],[-75.538741,5.163208],[-75.538775,5.163215],[-75.538827,5.163221],[-75.53886,5.163212],[-75.538901,5.163186],[-75.539187,5.162983],[-75.53926,5.162928],[-75.539319,5.162895],[-75.539409,5.162849],[-75.539453,5.162839],[-75.539507,5.162839],[-75.539565,5.16285],[-75.539601,5.162863],[-75.539645,5.162879],[-75.53968,5.162901],[-75.539709,5.162927],[-75.539729,5.162961],[-75.539755,5.162991],[-75.539787,5.163011],[-75.539818,5.163013],[-75.53984,5.163008],[-75.539867,5.162993],[-75.539915,5.162964],[-75.539962,5.162935],[-75.540025,5.162913],[-75.540084,5.162911],[-75.540128,5.162919],[-75.540158,5.162935],[-75.5402,5.162983],[-75.540231,5.163007],[-75.540273,5.163026],[-75.540375,5.163057],[-75.540617,5.16313],[-75.540696,5.163148],[-75.54075,5.163151],[-75.540827,5.163134],[-75.540888,5.16311],[-75.541463,5.162822],[-75.541515,5.162788],[-75.541554,5.162745],[-75.541578,5.162707],[-75.541595,5.162657],[-75.541607,5.162584],[-75.541631,5.162534],[-75.541672,5.162489],[-75.541745,5.162453],[-75.542437,5.162134],[-75.542484,5.162099],[-75.542517,5.162062],[-75.542545,5.162013],[-75.542558,5.161953],[-75.542578,5.161742],[-75.542582,5.161698],[-75.542604,5.161664],[-75.542656,5.161626],[-75.542704,5.161604],[-75.543219,5.161499],[-75.543287,5.16148],[-75.543357,5.161453],[-75.543419,5.16142],[-75.543846,5.161079],[-75.544057,5.160897],[-75.544092,5.160864],[-75.544145,5.16084],[-75.544215,5.160816],[-75.544244,5.160793],[-75.544259,5.16077],[-75.544258,5.160741],[-75.544226,5.160699],[-75.544208,5.160678],[-75.544197,5.160655],[-75.544195,5.16063],[-75.544214,5.160596],[-75.544244,5.160565],[-75.544354,5.160504],[-75.544437,5.160462],[-75.544503,5.160433],[-75.544541,5.160423],[-75.544587,5.16042],[-75.54462,5.160425],[-75.544654,5.160429],[-75.544684,5.160436],[-75.544709,5.160437],[-75.544731,5.160429],[-75.544749,5.160411],[-75.544774,5.160379],[-75.544808,5.16033],[-75.544876,5.160283],[-75.544931,5.160259],[-75.544979,5.160252],[-75.54502,5.160255],[-75.545063,5.160267],[-75.54512,5.160268],[-75.545168,5.160261],[-75.54523,5.160239],[-75.545284,5.160212],[-75.545311,5.160182],[-75.545313,5.16012],[-75.545325,5.160065],[-75.545335,5.160045],[-75.54535,5.160037],[-75.545368,5.160037],[-75.545391,5.16005],[-75.545416,5.160071],[-75.545441,5.160075],[-75.545455,5.160068],[-75.545461,5.160055],[-75.545462,5.160037],[-75.54545,5.15998],[-75.54545,5.15994],[-75.545465,5.159915],[-75.545479,5.159898],[-75.545512,5.159892],[-75.545543,5.159899],[-75.545579,5.159922],[-75.545619,5.159948],[-75.545645,5.159954],[-75.545672,5.159937],[-75.54569,5.159913],[-75.545698,5.159866],[-75.54571,5.159836],[-75.545745,5.15981],[-75.5458,5.159784],[-75.545857,5.159776],[-75.545897,5.159774],[-75.545934,5.159761],[-75.545949,5.159739],[-75.545963,5.159707],[-75.545955,5.159617],[-75.545952,5.159572],[-75.545942,5.15952],[-75.545942,5.159511],[-75.545944,5.159505],[-75.545949,5.1595],[-75.545959,5.159497],[-75.545972,5.159498],[-75.545989,5.1595],[-75.546004,5.159498],[-75.546018,5.15949],[-75.546024,5.159482],[-75.546027,5.159468],[-75.546028,5.159446],[-75.54602,5.159385],[-75.546015,5.159358],[-75.546013,5.159332],[-75.546011,5.159309],[-75.546022,5.159283],[-75.546048,5.159271],[-75.546088,5.159265],[-75.546116,5.159264],[-75.546137,5.15926],[-75.546147,5.15925],[-75.546152,5.159234],[-75.546151,5.159211],[-75.546136,5.159169],[-75.546113,5.159124],[-75.546102,5.159102],[-75.546099,5.159082],[-75.546108,5.159068],[-75.546136,5.159043],[-75.546154,5.159022],[-75.546158,5.159011],[-75.546157,5.158998],[-75.54615,5.158983],[-75.546132,5.158966],[-75.546085,5.15895],[-75.546058,5.158931],[-75.546046,5.158906],[-75.546048,5.158883],[-75.546058,5.158865],[-75.546095,5.158819],[-75.546162,5.158728],[-75.546214,5.158682],[-75.546237,5.158666],[-75.546272,5.158658],[-75.546311,5.158659],[-75.546349,5.158676],[-75.546387,5.158704],[-75.546557,5.15891],[-75.546578,5.158934],[-75.546593,5.158949],[-75.546603,5.158956],[-75.546615,5.158963],[-75.546626,5.158962],[-75.546634,5.158954],[-75.546638,5.158944],[-75.546642,5.158928],[-75.546638,5.158851],[-75.546634,5.158795],[-75.546643,5.158725],[-75.546651,5.158687],[-75.546669,5.158649],[-75.546685,5.158597],[-75.546698,5.15857],[-75.546718,5.158556],[-75.546738,5.158562],[-75.546749,5.158588],[-75.546761,5.158644],[-75.546767,5.15867],[-75.546784,5.158699],[-75.546889,5.158802],[-75.546923,5.158831],[-75.546952,5.158871],[-75.546972,5.15891],[-75.546983,5.158923],[-75.546992,5.158931],[-75.547001,5.158934],[-75.547013,5.158928],[-75.54702,5.158918],[-75.547028,5.158901],[-75.54703,5.15859],[-75.547003,5.158425],[-75.546992,5.158389],[-75.546991,5.158372],[-75.547,5.158362],[-75.547013,5.158361],[-75.547026,5.158366],[-75.547039,5.15838],[-75.54706,5.158398],[-75.547115,5.158481],[-75.547145,5.158529],[-75.54716,5.158549],[-75.54718,5.158564],[-75.547197,5.158568],[-75.547213,5.15855],[-75.547215,5.158523],[-75.547204,5.158464],[-75.547201,5.158441],[-75.547208,5.158415],[-75.547219,5.158383],[-75.547256,5.158351],[-75.547294,5.158322],[-75.547318,5.158305],[-75.547346,5.158278],[-75.547354,5.158256],[-75.547356,5.158238],[-75.547344,5.158204],[-75.547303,5.158148],[-75.547262,5.158103],[-75.54723,5.158017],[-75.547224,5.157963],[-75.547225,5.157882],[-75.547234,5.157838],[-75.547253,5.157775],[-75.547258,5.15773],[-75.547252,5.157687],[-75.547226,5.157646],[-75.547204,5.157626],[-75.547172,5.157594],[-75.547136,5.157561],[-75.547123,5.157526],[-75.547119,5.157489],[-75.547136,5.157446],[-75.547155,5.157359],[-75.54723,5.157227],[-75.547254,5.157189],[-75.547271,5.157142],[-75.547268,5.157092],[-75.547262,5.157055],[-75.54725,5.157005],[-75.547249,5.156879],[-75.547247,5.156728],[-75.547249,5.156684],[-75.547266,5.156663],[-75.547294,5.156662],[-75.547315,5.156677],[-75.547325,5.156703],[-75.547355,5.156799],[-75.547375,5.156854],[-75.547394,5.156883],[-75.547476,5.156963],[-75.547525,5.157022],[-75.547634,5.157098],[-75.547768,5.157168],[-75.547876,5.157237],[-75.547919,5.157285],[-75.547946,5.157337],[-75.547978,5.157433],[-75.547985,5.157462],[-75.547992,5.157475],[-75.548003,5.157482],[-75.548016,5.157477],[-75.548027,5.157467],[-75.548032,5.157454],[-75.548049,5.157361],[-75.548049,5.157258],[-75.548037,5.15716],[-75.548018,5.157088],[-75.547992,5.157039],[-75.547928,5.156954],[-75.547894,5.156925],[-75.547846,5.156867],[-75.547736,5.156657],[-75.547711,5.156597],[-75.547692,5.156503]]}},{"type":"Feature","properties":{"cls":"minor","kind":"residential"},"geometry":{"type":"LineString","coordinates":[[-75.538965,5.157434],[-75.538965,5.157534],[-75.538971,5.157588],[-75.538992,5.157636],[-75.539032,5.15768],[-75.539059,5.157702],[-75.539084,5.157731],[-75.539095,5.157759],[-75.539102,5.157783],[-75.539097,5.157813],[-75.539079,5.157844],[-75.539049,5.157874],[-75.539023,5.157925],[-75.539012,5.157998]]}},{"type":"Feature","properties":{"cls":"minor","kind":"residential"},"geometry":{"type":"LineString","coordinates":[[-75.538337,5.156772],[-75.538327,5.157164],[-75.538309,5.157329],[-75.538297,5.157361],[-75.538273,5.157391],[-75.538245,5.157407],[-75.538187,5.157422],[-75.53787,5.157488],[-75.537827,5.157499],[-75.537795,5.157518],[-75.537502,5.157777],[-75.537424,5.157846],[-75.537296,5.157936],[-75.53718,5.158029],[-75.537041,5.158151],[-75.536853,5.158319]]}},{"type":"Feature","properties":{"cls":"minor","kind":"unclassified"},"geometry":{"type":"LineString","coordinates":[[-75.530925,5.157943],[-75.531008,5.157793],[-75.531035,5.157689],[-75.531062,5.156933],[-75.531049,5.156775],[-75.530995,5.156719],[-75.530923,5.1567],[-75.53081,5.15665],[-75.530762,5.156575],[-75.530654,5.155971],[-75.530665,5.155888],[-75.530705,5.155835],[-75.530829,5.155685],[-75.530861,5.155602],[-75.530842,5.155504],[-75.53077,5.155397],[-75.530692,5.155324],[-75.530673,5.155271],[-75.530708,5.155154],[-75.530767,5.154969],[-75.530807,5.154828],[-75.530853,5.154745],[-75.531218,5.154299],[-75.531336,5.154229],[-75.531371,5.154165],[-75.531454,5.153821],[-75.531451,5.153748],[-75.531414,5.153706],[-75.53121,5.153633],[-75.53117,5.153586],[-75.531161,5.153535],[-75.531212,5.153479],[-75.531247,5.153407],[-75.53125,5.153348],[-75.531352,5.153099],[-75.531371,5.153],[-75.531411,5.152952],[-75.531457,5.152958],[-75.531502,5.152995],[-75.531612,5.153212],[-75.531792,5.153377],[-75.531912,5.153428],[-75.532159,5.153473],[-75.532216,5.153468],[-75.53225,5.15343],[-75.53224,5.153369],[-75.532151,5.153273],[-75.532138,5.153206],[-75.532186,5.153161],[-75.532258,5.153142],[-75.532315,5.153198],[-75.532411,5.153302],[-75.532545,5.153409],[-75.532682,5.153481],[-75.532814,5.153508],[-75.532873,5.153492],[-75.532881,5.153441],[-75.53284,5.153342],[-75.5328,5.153193],[-75.532728,5.153059],[-75.532728,5.153003],[-75.532749,5.152968],[-75.532808,5.152926],[-75.532838,5.152862],[-75.532816,5.152808],[-75.532666,5.152677],[-75.532642,5.152602],[-75.532639,5.152429]]}},{"type":"Feature","properties":{"cls":"minor","kind":"residential"},"geometry":{"type":"LineString","coordinates":[[-75.528203,5.157725],[-75.528493,5.157272],[-75.528705,5.157088]]}},{"type":"Feature","properties":{"cls":"minor","kind":"unclassified"},"geometry":{"type":"LineString","coordinates":[[-75.53192,5.16709],[-75.53196,5.167689],[-75.531926,5.167979],[-75.531937,5.168139],[-75.531966,5.168345],[-75.531985,5.168558],[-75.532076,5.168874],[-75.532068,5.169068],[-75.532025,5.169224],[-75.531934,5.1694],[-75.531835,5.169621],[-75.531792,5.169851],[-75.531757,5.170041],[-75.53177,5.170169],[-75.531845,5.17026],[-75.532001,5.170409],[-75.532047,5.170538],[-75.53203,5.170722],[-75.531945,5.170872],[-75.531934,5.170986],[-75.531996,5.171256],[-75.531985,5.171366],[-75.531902,5.171526],[-75.531899,5.171654],[-75.531966,5.171804],[-75.532076,5.172028],[-75.5321,5.172202],[-75.531985,5.172856],[-75.531931,5.173083],[-75.531878,5.173196],[-75.531701,5.173391],[-75.531701,5.173447],[-75.531776,5.1735],[-75.531862,5.173497],[-75.531998,5.173511],[-75.53206,5.173554],[-75.532114,5.173786],[-75.532143,5.173847],[-75.53228,5.1739],[-75.532307,5.173936],[-75.532301,5.173997],[-75.532179,5.174187],[-75.532189,5.174307],[-75.532264,5.174454],[-75.532532,5.174685],[-75.532764,5.174781],[-75.532828,5.174823],[-75.533192,5.175232],[-75.533221,5.175267],[-75.53326,5.175302],[-75.533313,5.175317],[-75.533385,5.175297],[-75.533432,5.175293],[-75.533475,5.17531],[-75.533506,5.175402],[-75.533558,5.175665],[-75.533667,5.176165],[-75.53366,5.17624],[-75.533586,5.176377],[-75.533533,5.176429],[-75.53348,5.176457],[-75.533429,5.1765],[-75.533149,5.176826],[-75.533119,5.176897],[-75.533118,5.176966],[-75.53315,5.177229],[-75.53313,5.177317],[-75.533071,5.177462],[-75.533073,5.177547],[-75.533149,5.177717],[-75.533154,5.17781],[-75.53314,5.177985]]}},{"type":"Feature","properties":{"cls":"minor","kind":"service"},"geometry":{"type":"LineString","coordinates":[[-75.531926,5.167979],[-75.532403,5.16812],[-75.532537,5.168136],[-75.532892,5.168115]]}},{"type":"Feature","properties":{"cls":"minor","kind":"unclassified"},"geometry":{"type":"LineString","coordinates":[[-75.529697,5.164277],[-75.529825,5.16428],[-75.529955,5.164326],[-75.530552,5.164679],[-75.530626,5.164732],[-75.530691,5.164809],[-75.530969,5.165292],[-75.531035,5.165375],[-75.531115,5.165446],[-75.531201,5.165497],[-75.531356,5.165543]]}},{"type":"Feature","properties":{"cls":"minor","kind":"unclassified"},"geometry":{"type":"LineString","coordinates":[[-75.524381,5.165479],[-75.524673,5.165318],[-75.524757,5.165257],[-75.525007,5.165008],[-75.525099,5.164944],[-75.52521,5.164881],[-75.525665,5.164694],[-75.52574,5.164642],[-75.525808,5.164569],[-75.525912,5.164433],[-75.525973,5.164375],[-75.52605,5.16433],[-75.527425,5.16372],[-75.527578,5.16367],[-75.52774,5.163644],[-75.527898,5.163645],[-75.528218,5.163701],[-75.528335,5.163708],[-75.528575,5.163682],[-75.528685,5.1637],[-75.528786,5.163749],[-75.52893,5.163852],[-75.528976,5.163878],[-75.529027,5.163898],[-75.529156,5.163939],[-75.529226,5.163986],[-75.529264,5.164059],[-75.529286,5.164236],[-75.529309,5.164277],[-75.529352,5.164302],[-75.529403,5.164309],[-75.529697,5.164277]]}},{"type":"Feature","properties":{"cls":"minor","kind":"unclassified"},"geometry":{"type":"LineString","coordinates":[[-75.531356,5.165543],[-75.531378,5.165645],[-75.531377,5.165674],[-75.531365,5.165698],[-75.531336,5.165734],[-75.531327,5.165767],[-75.53134,5.165807],[-75.531365,5.165838],[-75.531406,5.165865],[-75.531463,5.165881],[-75.531718,5.165884],[-75.531779,5.165882],[-75.531845,5.165875],[-75.532025,5.165853],[-75.532067,5.165868],[-75.532093,5.165903],[-75.532095,5.165944],[-75.532019,5.166234],[-75.531993,5.166554],[-75.531925,5.166974],[-75.53192,5.16709]]}},{"type":"Feature","properties":{"cls":"minor","kind":"unclassified"},"geometry":{"type":"LineString","coordinates":[[-75.526755,5.157747],[-75.527127,5.157681],[-75.527278,5.157683],[-75.528004,5.157889],[-75.528192,5.157889],[-75.528474,5.157817],[-75.528648,5.157799],[-75.52878,5.157843],[-75.528937,5.15789],[-75.529155,5.157913],[-75.52942,5.157992]]}},{"type":"Feature","properties":{"cls":"minor","kind":"unclassified"},"geometry":{"type":"LineString","coordinates":[[-75.522718,5.16137],[-75.522959,5.16126],[-75.523024,5.161199],[-75.52305,5.161125],[-75.523009,5.160897],[-75.523008,5.160785],[-75.523056,5.160679],[-75.523398,5.160375],[-75.523691,5.160023],[-75.523805,5.159911],[-75.524237,5.159497],[-75.524697,5.159075],[-75.524848,5.158888],[-75.524947,5.158801],[-75.525066,5.158715],[-75.52521,5.158646],[-75.525538,5.158407],[-75.525641,5.158362],[-75.525731,5.158353],[-75.526075,5.158386],[-75.526175,5.158365],[-75.52674,5.158187],[-75.526785,5.158115],[-75.526775,5.158045],[-75.526685,5.157953],[-75.526658,5.157862],[-75.526685,5.157789],[-75.526755,5.157747]]}},{"type":"Feature","properties":{"cls":"minor","kind":"unclassified"},"geometry":{"type":"LineString","coordinates":[[-75.520554,5.160633],[-75.520438,5.160475],[-75.520107,5.160139],[-75.519995,5.160029],[-75.519952,5.159924],[-75.519934,5.159794],[-75.519896,5.15954]]}},{"type":"Feature","properties":{"cls":"minor","kind":"unclassified"},"geometry":{"type":"LineString","coordinates":[[-75.520526,5.162433],[-75.5205,5.162473],[-75.520502,5.16254],[-75.520548,5.162615],[-75.520594,5.1627],[-75.520599,5.162745]]}},{"type":"Feature","properties":{"cls":"minor","kind":"unclassified"},"geometry":{"type":"LineString","coordinates":[[-75.520744,5.162684],[-75.520652,5.162625],[-75.52061,5.162537],[-75.52058,5.162446],[-75.520526,5.162433]]}},{"type":"Feature","properties":{"cls":"minor","kind":"unclassified"},"geometry":{"type":"LineString","coordinates":[[-75.521253,5.161602],[-75.521245,5.161706],[-75.521178,5.161915],[-75.521141,5.162036],[-75.521088,5.162136],[-75.521043,5.162219],[-75.520978,5.16229],[-75.520929,5.16235],[-75.52087,5.162457],[-75.520816,5.162583],[-75.520795,5.16266],[-75.520744,5.162684]]}},{"type":"Feature","properties":{"cls":"minor","kind":"unclassified"},"geometry":{"type":"LineString","coordinates":[[-75.520599,5.162745],[-75.520553,5.162761],[-75.520502,5.162751],[-75.520435,5.162679],[-75.520376,5.162641],[-75.520307,5.162657],[-75.520313,5.162758]]}},{"type":"Feature","properties":{"cls":"minor","kind":"unclassified"},"geometry":{"type":"LineString","coordinates":[[-75.521401,5.16142],[-75.521599,5.161453],[-75.521819,5.161538],[-75.521983,5.16158],[-75.522169,5.161573],[-75.522376,5.161529],[-75.522718,5.16137]]}},{"type":"Feature","properties":{"cls":"minor","kind":"unclassified"},"geometry":{"type":"LineString","coordinates":[[-75.520873,5.161248],[-75.520948,5.161324],[-75.520977,5.161356],[-75.521019,5.161389],[-75.521135,5.161434],[-75.521212,5.161491],[-75.521253,5.161602]]}},{"type":"Feature","properties":{"cls":"path","kind":"pedestrian"},"geometry":{"type":"LineString","coordinates":[[-75.522526,5.16566],[-75.522487,5.16535],[-75.522402,5.164969]]}},{"type":"Feature","properties":{"cls":"minor","kind":"service"},"geometry":{"type":"LineString","coordinates":[[-75.519216,5.165785],[-75.519014,5.165786],[-75.518872,5.165745],[-75.518504,5.165628]]}},{"type":"Feature","properties":{"cls":"path","kind":"pedestrian","name":"Calle 6B"},"geometry":{"type":"LineString","coordinates":[[-75.523276,5.164414],[-75.523097,5.164496],[-75.523033,5.164486],[-75.522995,5.164459],[-75.52298,5.164427],[-75.522969,5.164406],[-75.522958,5.164394],[-75.522948,5.164388],[-75.522936,5.164387],[-75.522923,5.164389],[-75.522912,5.164396],[-75.522903,5.164405],[-75.522895,5.164422],[-75.522892,5.164477],[-75.522892,5.16449],[-75.522887,5.164506],[-75.522879,5.164521],[-75.522843,5.164541],[-75.522676,5.164606]]}},{"type":"Feature","properties":{"cls":"minor","kind":"residential"},"geometry":{"type":"LineString","coordinates":[[-75.530572,5.147621],[-75.530671,5.147708],[-75.530716,5.147788],[-75.530764,5.147944],[-75.530767,5.148072],[-75.530778,5.148138],[-75.530815,5.148179],[-75.531033,5.148235],[-75.531143,5.14824],[-75.53122,5.148219],[-75.531282,5.148208],[-75.531338,5.148235],[-75.531379,5.14828],[-75.531432,5.148277],[-75.531467,5.148235],[-75.531489,5.148109]]}},{"type":"Feature","properties":{"cls":"minor","kind":"residential"},"geometry":{"type":"LineString","coordinates":[[-75.519653,5.14331],[-75.519757,5.143485],[-75.519867,5.143584],[-75.519958,5.143653],[-75.519982,5.143747],[-75.519979,5.14392],[-75.519909,5.144276],[-75.519837,5.144463],[-75.519794,5.144572],[-75.5198,5.144698],[-75.519851,5.144799],[-75.520084,5.145125],[-75.520089,5.145213],[-75.52006,5.145438],[-75.519995,5.145718],[-75.51999,5.145822],[-75.520041,5.145881],[-75.520143,5.145897],[-75.520376,5.146012],[-75.520618,5.146055],[-75.520685,5.14606],[-75.520709,5.146108],[-75.520722,5.146199],[-75.520721,5.146367],[-75.520701,5.146415],[-75.520658,5.146445],[-75.520639,5.146489],[-75.52065,5.14655],[-75.520728,5.146653],[-75.520728,5.14672],[-75.520696,5.146816],[-75.520706,5.146878],[-75.520772,5.146926],[-75.520835,5.146934],[-75.520933,5.146915],[-75.520997,5.146912],[-75.521074,5.146952],[-75.521146,5.147033],[-75.521216,5.147062],[-75.521335,5.147078],[-75.521377,5.147114],[-75.521383,5.147166],[-75.521326,5.147318],[-75.521256,5.147392],[-75.521216,5.147452],[-75.521194,5.147658],[-75.521205,5.147783],[-75.52119,5.147922],[-75.521205,5.147985],[-75.52131,5.14806],[-75.521383,5.148066],[-75.521523,5.14803],[-75.521658,5.148034],[-75.521699,5.147993],[-75.52174,5.147901],[-75.521775,5.147867],[-75.52183,5.147866],[-75.521894,5.147893],[-75.521932,5.147981],[-75.521983,5.148032],[-75.522061,5.148066],[-75.522187,5.148085],[-75.522329,5.148077],[-75.522385,5.148082],[-75.52261,5.14816],[-75.522656,5.148197],[-75.522718,5.148483],[-75.522753,5.148553],[-75.522839,5.148651]]}},{"type":"Feature","properties":{"cls":"minor","kind":"unclassified"},"geometry":{"type":"LineString","coordinates":[[-75.53717,5.142676],[-75.536781,5.142483],[-75.536365,5.142356],[-75.536326,5.142378],[-75.536302,5.142435],[-75.536344,5.142479],[-75.536354,5.142523],[-75.536341,5.142567],[-75.536303,5.142637],[-75.536298,5.142764],[-75.536278,5.142813],[-75.536205,5.142849],[-75.536081,5.142862],[-75.536022,5.142882],[-75.535939,5.142937],[-75.535892,5.142977],[-75.535869,5.143032],[-75.535893,5.143088],[-75.535955,5.143146],[-75.536059,5.143432],[-75.536052,5.14352],[-75.535871,5.144011],[-75.535659,5.144457],[-75.535568,5.144511],[-75.535466,5.144535],[-75.535212,5.144562],[-75.535094,5.144615],[-75.534866,5.144797],[-75.533715,5.145317]]}},{"type":"Feature","properties":{"cls":"minor","kind":"unclassified"},"geometry":{"type":"LineString","coordinates":[[-75.528553,5.153759],[-75.527995,5.154231],[-75.52783,5.154439],[-75.527813,5.154538],[-75.527844,5.154641],[-75.527905,5.154714],[-75.528018,5.154726],[-75.528361,5.154606],[-75.528502,5.154564],[-75.528631,5.154578],[-75.528707,5.15465],[-75.528735,5.154751],[-75.528487,5.156259],[-75.528415,5.15664],[-75.528285,5.157061],[-75.528199,5.157466],[-75.528203,5.157725],[-75.528192,5.157889]]}},{"type":"Feature","properties":{"cls":"minor","kind":"residential"},"geometry":{"type":"LineString","coordinates":[[-75.533579,5.145365],[-75.533591,5.145177],[-75.533613,5.145106],[-75.533696,5.145022],[-75.533739,5.14498],[-75.533936,5.144582],[-75.53399,5.144509],[-75.534199,5.144387],[-75.534222,5.144352],[-75.534231,5.144304],[-75.534235,5.14405],[-75.534245,5.143971],[-75.534266,5.143891],[-75.534274,5.143836],[-75.534285,5.143605],[-75.534308,5.143464],[-75.534309,5.143315]]}},{"type":"Feature","properties":{"cls":"minor","kind":"unclassified"},"geometry":{"type":"LineString","coordinates":[[-75.533715,5.145317],[-75.533579,5.145365],[-75.533246,5.145434],[-75.533154,5.145464],[-75.533071,5.145512],[-75.532466,5.145868],[-75.532109,5.14605],[-75.532047,5.146056],[-75.531979,5.146033],[-75.531763,5.145899],[-75.531553,5.145855],[-75.531501,5.145857],[-75.53144,5.145867],[-75.531198,5.146025],[-75.531053,5.14616],[-75.531019,5.146219],[-75.530953,5.146325],[-75.530851,5.14646],[-75.530828,5.14653],[-75.530829,5.14663],[-75.530857,5.146781],[-75.530857,5.146837],[-75.530646,5.147425],[-75.530572,5.147621]]}},{"type":"Feature","properties":{"cls":"minor","kind":"residential","name":"Carrera 2A"},"geometry":{"type":"LineString","coordinates":[[-75.516654,5.164427],[-75.516498,5.163995]]}},{"type":"Feature","properties":{"cls":"minor","kind":"residential"},"geometry":{"type":"LineString","coordinates":[[-75.517083,5.162951],[-75.517614,5.162518]]}},{"type":"Feature","properties":{"cls":"minor","kind":"residential"},"geometry":{"type":"LineString","coordinates":[[-75.517377,5.163103],[-75.517807,5.162766]]}},{"type":"Feature","properties":{"cls":"minor","kind":"residential"},"geometry":{"type":"LineString","coordinates":[[-75.517579,5.163287],[-75.517655,5.163285],[-75.517756,5.163246],[-75.517966,5.163038]]}},{"type":"Feature","properties":{"cls":"minor","kind":"residential"},"geometry":{"type":"LineString","coordinates":[[-75.51844,5.166819],[-75.518571,5.167094]]}},{"type":"Feature","properties":{"cls":"minor","kind":"residential"},"geometry":{"type":"LineString","coordinates":[[-75.518468,5.166579],[-75.518453,5.166723],[-75.51844,5.166819],[-75.51837,5.166913],[-75.5183,5.167086]]}},{"type":"Feature","properties":{"cls":"minor","kind":"unclassified"},"geometry":{"type":"LineString","coordinates":[[-75.507618,5.186823],[-75.507599,5.186792],[-75.507588,5.186757],[-75.507592,5.186719],[-75.507612,5.186671],[-75.507739,5.186483],[-75.507899,5.18627],[-75.507923,5.186214],[-75.507911,5.186159],[-75.507865,5.186142],[-75.507809,5.186142],[-75.507628,5.186217],[-75.507558,5.186227],[-75.507503,5.186197],[-75.507479,5.186166],[-75.507467,5.186123],[-75.507477,5.186083],[-75.5075,5.186064],[-75.507644,5.18598],[-75.507775,5.185869],[-75.507874,5.185784],[-75.507907,5.185739],[-75.507897,5.18568],[-75.50786,5.185629],[-75.507771,5.185632],[-75.507636,5.185686],[-75.507488,5.185698],[-75.507369,5.185685],[-75.507282,5.185669],[-75.507221,5.185618],[-75.507192,5.185548],[-75.507213,5.185497],[-75.507247,5.185454],[-75.507319,5.185426],[-75.50739,5.185419],[-75.507475,5.185377],[-75.507569,5.185306],[-75.50766,5.185178],[-75.50775,5.185069],[-75.507844,5.184996],[-75.507913,5.184964],[-75.507968,5.184966],[-75.508057,5.184993],[-75.508108,5.185025],[-75.508163,5.185024],[-75.508212,5.185001],[-75.508242,5.184952],[-75.508324,5.18465],[-75.508322,5.18459],[-75.5083,5.184551],[-75.508262,5.184523],[-75.508211,5.184525],[-75.508153,5.184547],[-75.508039,5.184618],[-75.50795,5.184642],[-75.50787,5.184635],[-75.50783,5.184585],[-75.507814,5.184516],[-75.507821,5.184446],[-75.507834,5.184394],[-75.508011,5.184239],[-75.508178,5.184046],[-75.508329,5.183922],[-75.508415,5.183879],[-75.508498,5.183821],[-75.508757,5.183475],[-75.508796,5.183412],[-75.508831,5.183325],[-75.508852,5.183236],[-75.508851,5.183106],[-75.508907,5.183006],[-75.509014,5.182871],[-75.509115,5.182751],[-75.509202,5.18268],[-75.509383,5.182595],[-75.509461,5.182537],[-75.509512,5.182464],[-75.509568,5.182373],[-75.509621,5.18233],[-75.509673,5.182295],[-75.509759,5.182305],[-75.509807,5.182314],[-75.50985,5.182313],[-75.509883,5.182291],[-75.509892,5.182269],[-75.509891,5.182242],[-75.509862,5.182218],[-75.509822,5.182201],[-75.509649,5.182172],[-75.509515,5.18215],[-75.509418,5.182138],[-75.509323,5.182152],[-75.509279,5.18218],[-75.509246,5.18219],[-75.509216,5.182193],[-75.509171,5.182179],[-75.509141,5.182164],[-75.509105,5.182156],[-75.509069,5.182159],[-75.509001,5.182186],[-75.508966,5.182207],[-75.508949,5.182219],[-75.508925,5.182229],[-75.50889,5.182226],[-75.508847,5.182228],[-75.508797,5.182237],[-75.508682,5.182298],[-75.508581,5.182342],[-75.50853,5.182373],[-75.508462,5.182391],[-75.508418,5.182378],[-75.508404,5.182345],[-75.50839,5.18229],[-75.508384,5.182246],[-75.508345,5.182031],[-75.508285,5.181888],[-75.508179,5.18175],[-75.50797,5.181551],[-75.507882,5.181495],[-75.507755,5.181464],[-75.507534,5.181466],[-75.507435,5.181462],[-75.5073,5.18144],[-75.507255,5.181417],[-75.507212,5.181384],[-75.50717,5.181323],[-75.507124,5.18122],[-75.507073,5.18116],[-75.506972,5.181095],[-75.50681,5.181036],[-75.506712,5.181026],[-75.506611,5.181036],[-75.506445,5.181041],[-75.506308,5.181014],[-75.50614,5.181005],[-75.506005,5.18102],[-75.505872,5.18102],[-75.505757,5.180994],[-75.505676,5.180968],[-75.505593,5.18093],[-75.505546,5.180917],[-75.505527,5.18092],[-75.505516,5.18093],[-75.505513,5.180941],[-75.505517,5.180959],[-75.505548,5.180988],[-75.505586,5.181023],[-75.505619,5.181044],[-75.505639,5.181092],[-75.505636,5.181148],[-75.505613,5.181189],[-75.505523,5.181275],[-75.505435,5.18135],[-75.505373,5.181414],[-75.505317,5.181475],[-75.505115,5.181555],[-75.50501,5.181609],[-75.504903,5.181643],[-75.504833,5.181649],[-75.504767,5.181621],[-75.504722,5.181571],[-75.504685,5.181551],[-75.50464,5.181549],[-75.504589,5.181582],[-75.504543,5.181652],[-75.5045,5.181705],[-75.504448,5.181729],[-75.504351,5.181754],[-75.504068,5.181871],[-75.504004,5.181885],[-75.503938,5.181889],[-75.503873,5.181881],[-75.503808,5.181881],[-75.50376,5.181895],[-75.503725,5.181923],[-75.503696,5.181969],[-75.503673,5.182017],[-75.503649,5.182088],[-75.50334,5.18258],[-75.503272,5.182704],[-75.503225,5.182753],[-75.503167,5.182802],[-75.503123,5.182872],[-75.503095,5.18294],[-75.503092,5.183031],[-75.503099,5.183141],[-75.503094,5.183274],[-75.503076,5.183431],[-75.50306,5.183527],[-75.50303,5.183603],[-75.503001,5.183652],[-75.502949,5.183686],[-75.502896,5.183706],[-75.502832,5.183732],[-75.502759,5.183786],[-75.502666,5.183907],[-75.502599,5.183985],[-75.502487,5.184113],[-75.502415,5.184197],[-75.502357,5.184225],[-75.502254,5.184253],[-75.502183,5.184263]]}},{"type":"Feature","properties":{"cls":"minor","kind":"unclassified"},"geometry":{"type":"LineString","coordinates":[[-75.504168,5.188478],[-75.504447,5.188403],[-75.504522,5.188382],[-75.504608,5.188392],[-75.504671,5.188394],[-75.504752,5.188419],[-75.504831,5.188436],[-75.504889,5.188436],[-75.504952,5.188391],[-75.505009,5.18835],[-75.505093,5.188299],[-75.505163,5.18826],[-75.505247,5.18822],[-75.505322,5.188131],[-75.505383,5.188059],[-75.505463,5.187965],[-75.505613,5.187861],[-75.505798,5.18781],[-75.505954,5.187794],[-75.50622,5.187718],[-75.506344,5.187686],[-75.506437,5.187662],[-75.506485,5.187627],[-75.506533,5.187576],[-75.50656,5.187495],[-75.50657,5.187411],[-75.50655,5.18731],[-75.50652,5.187225],[-75.506489,5.187114],[-75.506504,5.187046],[-75.506571,5.186921],[-75.506583,5.18687],[-75.506592,5.18676],[-75.506633,5.186557],[-75.506649,5.186486],[-75.506655,5.186435],[-75.506676,5.186406],[-75.506695,5.186402],[-75.506716,5.186404],[-75.506742,5.186421],[-75.506757,5.186448],[-75.506771,5.186481],[-75.506811,5.186555],[-75.506854,5.186641],[-75.506901,5.186738],[-75.506965,5.186796],[-75.507024,5.186832],[-75.507119,5.186863],[-75.507178,5.186887],[-75.507303,5.186955],[-75.507345,5.187017],[-75.507411,5.187043],[-75.507483,5.187039],[-75.507549,5.187022],[-75.5076,5.186963],[-75.507624,5.186895],[-75.507618,5.186823],[-75.507766,5.186633],[-75.507813,5.186585],[-75.507861,5.186552],[-75.507942,5.186541],[-75.508045,5.186567],[-75.508229,5.186635],[-75.508352,5.186669],[-75.508495,5.18666],[-75.508685,5.186604],[-75.50882,5.186547],[-75.508874,5.186515],[-75.508926,5.186476],[-75.50898,5.186453],[-75.509044,5.186445],[-75.50917,5.18641],[-75.509244,5.186381],[-75.509332,5.186333],[-75.509393,5.186273],[-75.509448,5.186214],[-75.509496,5.186185],[-75.50954,5.186175],[-75.509592,5.186181],[-75.509625,5.186201],[-75.509658,5.186245],[-75.509708,5.186317],[-75.509795,5.186417],[-75.509881,5.186552],[-75.509936,5.186719],[-75.509963,5.186783],[-75.509997,5.186847],[-75.510057,5.186874],[-75.51013,5.186879],[-75.510192,5.186866],[-75.510326,5.186814],[-75.510425,5.186782],[-75.510538,5.186766],[-75.510669,5.186779],[-75.51083,5.186838],[-75.511249,5.186955],[-75.511541,5.187062],[-75.511839,5.187177],[-75.512129,5.187252],[-75.512314,5.187303],[-75.512445,5.187327],[-75.512753,5.187367],[-75.51329,5.187487],[-75.513357,5.187511],[-75.51344,5.187548],[-75.513773,5.187799],[-75.513869,5.187848],[-75.513987,5.187863],[-75.514116,5.187877],[-75.514352,5.187866],[-75.51458,5.187813],[-75.514768,5.187695],[-75.514921,5.187548],[-75.515033,5.187383],[-75.515122,5.187156],[-75.515123,5.186937]]}},{"type":"Feature","properties":{"cls":"minor","kind":"residential"},"geometry":{"type":"LineString","coordinates":[[-75.521254,5.178529],[-75.521074,5.178797],[-75.521012,5.178859],[-75.520832,5.178968]]}},{"type":"Feature","properties":{"cls":"minor","kind":"service"},"geometry":{"type":"LineString","coordinates":[[-75.52455,5.183723],[-75.524608,5.183922],[-75.524595,5.183966],[-75.524557,5.183985],[-75.524494,5.183985],[-75.524446,5.184012],[-75.524422,5.184049],[-75.52442,5.184125],[-75.52443,5.184253],[-75.524417,5.184284],[-75.524383,5.184292],[-75.524338,5.184284],[-75.524288,5.184251],[-75.524251,5.184255],[-75.524232,5.184288],[-75.524239,5.184354],[-75.52429,5.184555],[-75.524272,5.184611],[-75.524221,5.184637],[-75.524159,5.184623],[-75.524083,5.184562],[-75.524036,5.184519],[-75.523995,5.184512],[-75.523969,5.184533],[-75.52396,5.184581],[-75.523964,5.184705],[-75.52398,5.184774],[-75.524047,5.184832],[-75.524181,5.184814],[-75.524339,5.184812],[-75.524491,5.184864],[-75.524748,5.185093],[-75.524841,5.18517],[-75.524899,5.185319],[-75.524907,5.185466],[-75.524889,5.18569]]}},{"type":"Feature","properties":{"cls":"minor","kind":"unclassified"},"geometry":{"type":"LineString","coordinates":[[-75.522263,5.181928],[-75.522309,5.181975],[-75.522341,5.181992],[-75.522443,5.18202],[-75.522561,5.182084],[-75.522883,5.182358],[-75.523059,5.182454],[-75.523162,5.182506],[-75.523248,5.182552],[-75.523465,5.182699],[-75.523536,5.18277],[-75.523604,5.182891],[-75.523624,5.182913],[-75.523652,5.182922],[-75.523677,5.182918],[-75.523724,5.182883],[-75.523761,5.182878],[-75.523795,5.182884],[-75.523808,5.18291],[-75.523811,5.182956],[-75.523829,5.18299],[-75.523852,5.182996],[-75.523885,5.182984],[-75.523932,5.182989],[-75.524118,5.183081],[-75.524177,5.183125],[-75.524261,5.183264],[-75.524357,5.183453],[-75.52455,5.183723],[-75.524626,5.18375],[-75.524683,5.183791],[-75.524709,5.183859],[-75.52474,5.183981],[-75.524788,5.184054],[-75.524897,5.184153],[-75.524968,5.184288],[-75.525059,5.184404],[-75.52531,5.184601],[-75.525452,5.184649],[-75.525608,5.184687],[-75.525706,5.184726],[-75.525743,5.184774],[-75.525726,5.184822],[-75.525652,5.184865],[-75.525527,5.184914],[-75.525436,5.184966]]}},{"type":"Feature","properties":{"cls":"minor","kind":"unclassified"},"geometry":{"type":"LineString","coordinates":[[-75.53314,5.177985],[-75.533095,5.178119],[-75.533083,5.17817],[-75.533083,5.178254],[-75.533054,5.178296],[-75.533007,5.178299],[-75.532946,5.17825],[-75.53292,5.178236],[-75.532874,5.178246],[-75.53285,5.17827],[-75.532816,5.178265],[-75.532792,5.178231],[-75.532777,5.178063],[-75.532756,5.178019],[-75.532724,5.178004],[-75.532688,5.178029],[-75.532662,5.178095],[-75.532641,5.178116],[-75.532612,5.178104],[-75.532582,5.177976],[-75.532515,5.177921],[-75.532438,5.177905],[-75.532383,5.177885],[-75.532332,5.177841],[-75.532292,5.17784],[-75.532264,5.177884],[-75.532263,5.177933],[-75.532252,5.177961],[-75.532234,5.17797],[-75.532203,5.177953],[-75.532151,5.177863],[-75.53211,5.177838],[-75.532061,5.177856],[-75.532053,5.177912],[-75.532111,5.178051],[-75.532165,5.178119],[-75.532202,5.178187],[-75.532241,5.178329],[-75.532249,5.178425],[-75.532281,5.178477],[-75.532342,5.178518],[-75.532436,5.178549],[-75.532499,5.178608],[-75.532663,5.17889],[-75.532677,5.178947],[-75.532666,5.179079],[-75.53267,5.179132],[-75.532761,5.17931],[-75.532769,5.179369],[-75.532764,5.179416],[-75.532643,5.179627],[-75.532583,5.17967],[-75.532509,5.179702],[-75.532421,5.179702],[-75.532386,5.17972],[-75.532376,5.179754],[-75.532396,5.179782],[-75.532545,5.179836],[-75.532566,5.179853],[-75.532564,5.179879],[-75.532551,5.179896],[-75.532268,5.18001],[-75.53217,5.18001],[-75.532067,5.179958],[-75.531945,5.17981],[-75.531922,5.179798],[-75.531899,5.179806],[-75.531888,5.179828],[-75.531894,5.17987],[-75.53199,5.180138],[-75.53199,5.180192],[-75.53195,5.18024],[-75.531942,5.180267],[-75.531965,5.180303],[-75.531996,5.180315],[-75.532073,5.180317],[-75.532217,5.180364],[-75.532249,5.180412],[-75.53226,5.180523],[-75.532264,5.180783],[-75.532293,5.181077],[-75.532285,5.181192],[-75.53222,5.181348],[-75.532067,5.181547],[-75.53199,5.181602],[-75.531731,5.181625],[-75.531674,5.18165],[-75.531605,5.181706],[-75.531548,5.181797],[-75.53152,5.18186],[-75.531494,5.181872],[-75.531462,5.181868],[-75.531444,5.181801],[-75.531414,5.181752],[-75.531364,5.181754],[-75.531326,5.181825],[-75.531293,5.181864],[-75.531101,5.181971]]}},{"type":"Feature","properties":{"cls":"minor","kind":"residential","name":"Carrera 10"},"geometry":{"type":"LineString","coordinates":[[-75.521275,5.167749],[-75.521228,5.167091]]}},{"type":"Feature","properties":{"cls":"minor","kind":"residential"},"geometry":{"type":"LineString","coordinates":[[-75.519013,5.16377],[-75.518663,5.163809]]}},{"type":"Feature","properties":{"cls":"minor","kind":"residential","name":"Calle 8"},"geometry":{"type":"LineString","coordinates":[[-75.515758,5.166178],[-75.515752,5.166231],[-75.515765,5.166255],[-75.51588,5.166324],[-75.515953,5.166389],[-75.515955,5.166449],[-75.515958,5.166522],[-75.515974,5.166587],[-75.516006,5.166636],[-75.516036,5.166668],[-75.516071,5.166702],[-75.516162,5.166732]]}},{"type":"Feature","properties":{"cls":"minor","kind":"residential"},"geometry":{"type":"LineString","coordinates":[[-75.514009,5.157312],[-75.513957,5.157338],[-75.513925,5.157345],[-75.513876,5.157321],[-75.513778,5.157244],[-75.513679,5.157189],[-75.513538,5.157132],[-75.513375,5.157086],[-75.513217,5.157077],[-75.512927,5.156973],[-75.512873,5.15693],[-75.512757,5.156886],[-75.512637,5.156869],[-75.512452,5.156879],[-75.512318,5.156905],[-75.512196,5.156919],[-75.512048,5.156954],[-75.511928,5.156972],[-75.511725,5.156938],[-75.511648,5.156911],[-75.511528,5.156903],[-75.511365,5.156889],[-75.511193,5.156885],[-75.511118,5.156889],[-75.511044,5.156928],[-75.510909,5.157044],[-75.510766,5.157118],[-75.510583,5.157146]]}},{"type":"Feature","properties":{"cls":"minor","kind":"service"},"geometry":{"type":"LineString","coordinates":[[-75.512487,5.156045],[-75.512516,5.156025],[-75.512756,5.155888],[-75.512785,5.155869],[-75.512801,5.155856],[-75.512814,5.155835],[-75.512822,5.155812],[-75.512824,5.155699],[-75.512822,5.155667],[-75.512825,5.155646],[-75.512832,5.155627],[-75.512857,5.155606],[-75.512878,5.155609],[-75.512898,5.155617],[-75.512911,5.155627],[-75.512952,5.155661],[-75.512996,5.155687],[-75.513028,5.155695],[-75.513079,5.15569],[-75.513128,5.15567],[-75.513161,5.155649],[-75.513185,5.155623],[-75.513201,5.1556],[-75.513211,5.155562],[-75.513213,5.15528],[-75.513219,5.155249],[-75.513226,5.155225],[-75.513238,5.155203],[-75.513252,5.155186],[-75.513271,5.155167],[-75.513299,5.15515],[-75.513555,5.154995],[-75.513586,5.154966],[-75.513683,5.154834],[-75.513763,5.154663],[-75.513775,5.154634],[-75.513778,5.15459],[-75.513765,5.154536],[-75.513743,5.154478],[-75.513698,5.154414],[-75.513537,5.154267],[-75.513435,5.154133],[-75.513274,5.153838],[-75.513189,5.153712],[-75.513083,5.153604],[-75.513043,5.153557]]}},{"type":"Feature","properties":{"cls":"minor","kind":"unclassified"},"geometry":{"type":"LineString","coordinates":[[-75.511629,5.149538],[-75.511707,5.149477],[-75.51179,5.149426],[-75.511943,5.149317],[-75.512062,5.14921],[-75.512154,5.149133],[-75.512179,5.149119],[-75.512379,5.149031],[-75.512417,5.149013],[-75.512444,5.148997],[-75.512461,5.148984],[-75.512473,5.148968],[-75.512484,5.148951],[-75.512625,5.14857],[-75.512716,5.148357],[-75.512775,5.148255],[-75.512845,5.148173],[-75.512882,5.148136],[-75.512973,5.148074],[-75.513047,5.148048],[-75.513128,5.148037],[-75.513368,5.148014],[-75.513386,5.14801],[-75.513397,5.148006],[-75.513408,5.147999],[-75.513415,5.147991],[-75.513416,5.147979],[-75.513417,5.147964],[-75.513398,5.147857],[-75.513392,5.147833],[-75.513385,5.147796],[-75.513387,5.147773],[-75.513394,5.14776],[-75.513403,5.147746],[-75.513421,5.147745],[-75.513443,5.147747],[-75.513467,5.147773],[-75.5135,5.147836],[-75.513558,5.147933],[-75.513578,5.147967],[-75.513598,5.147985],[-75.513607,5.147989],[-75.513614,5.147991],[-75.513624,5.147988],[-75.513633,5.147982],[-75.513645,5.14797],[-75.513707,5.147894],[-75.513727,5.147882],[-75.513753,5.147875],[-75.513778,5.147876],[-75.513797,5.147895],[-75.513813,5.147936],[-75.513823,5.14799],[-75.513853,5.148066],[-75.513881,5.148105],[-75.513912,5.148131],[-75.514,5.148217],[-75.514045,5.148287],[-75.514084,5.148337],[-75.514097,5.14835],[-75.514111,5.148356],[-75.514126,5.148361],[-75.514141,5.14836],[-75.514161,5.148356],[-75.51418,5.148344],[-75.514278,5.148257],[-75.514417,5.148104],[-75.514465,5.148019],[-75.514488,5.147985],[-75.51451,5.147965],[-75.51455,5.147938],[-75.514611,5.147902],[-75.514628,5.147888],[-75.514644,5.147865],[-75.514662,5.147834],[-75.51467,5.147813],[-75.514678,5.147776],[-75.514692,5.147695],[-75.514697,5.147685],[-75.514704,5.14768],[-75.514716,5.147674],[-75.514728,5.147672],[-75.514737,5.147673],[-75.514746,5.147677],[-75.514759,5.147686],[-75.514774,5.147697],[-75.514956,5.147824],[-75.515181,5.147939],[-75.515214,5.147955],[-75.515253,5.147963],[-75.515346,5.147977],[-75.515519,5.148011],[-75.515654,5.14806],[-75.515715,5.148093],[-75.515734,5.14811],[-75.515745,5.148128],[-75.51575,5.14815],[-75.515752,5.148173],[-75.515744,5.148208],[-75.515724,5.14824],[-75.515697,5.148262],[-75.515633,5.148303],[-75.515488,5.148414]]}},{"type":"Feature","properties":{"cls":"minor","kind":"service"},"geometry":{"type":"LineString","coordinates":[[-75.511635,5.150785],[-75.511651,5.150712],[-75.511664,5.150632],[-75.51169,5.150509],[-75.511702,5.150469],[-75.511723,5.150431],[-75.511756,5.150386],[-75.511777,5.150359],[-75.511806,5.150343],[-75.511838,5.150342],[-75.511875,5.150349],[-75.511914,5.15037],[-75.511998,5.150452],[-75.512035,5.15049],[-75.512068,5.150545],[-75.51208,5.150591],[-75.512086,5.150636],[-75.512081,5.15068],[-75.512075,5.15073],[-75.512071,5.150762],[-75.512069,5.15078],[-75.512072,5.150798],[-75.512081,5.150812],[-75.512096,5.150821],[-75.51211,5.150823],[-75.51213,5.150822],[-75.512148,5.150812],[-75.512179,5.150774],[-75.512223,5.150702],[-75.512362,5.150403],[-75.5124,5.150288],[-75.512417,5.150249],[-75.512441,5.150217],[-75.512463,5.150185],[-75.512487,5.150169],[-75.512511,5.150162],[-75.512568,5.150156],[-75.512613,5.150156],[-75.512627,5.150163],[-75.512641,5.150176],[-75.512657,5.150198],[-75.512667,5.15022],[-75.512678,5.15025],[-75.512713,5.150477],[-75.512731,5.150519],[-75.512744,5.150538],[-75.512756,5.150552],[-75.512775,5.150562],[-75.512858,5.150574],[-75.513031,5.150595],[-75.513067,5.150592],[-75.513095,5.150585],[-75.513116,5.150576],[-75.513138,5.15056],[-75.513157,5.150537],[-75.513301,5.150263],[-75.513332,5.150204],[-75.513338,5.150193],[-75.513359,5.150161],[-75.513385,5.150127],[-75.513408,5.150102],[-75.513441,5.15008],[-75.513482,5.150063],[-75.513517,5.150053],[-75.513655,5.150033],[-75.513684,5.150027],[-75.513702,5.150018],[-75.513716,5.150009],[-75.513728,5.149995],[-75.513737,5.14998],[-75.513749,5.14995],[-75.513791,5.149789],[-75.513793,5.14977],[-75.513791,5.149751],[-75.513788,5.149735],[-75.513779,5.149711],[-75.513705,5.149462],[-75.513695,5.149433],[-75.51369,5.149408],[-75.513689,5.149353],[-75.513698,5.149302],[-75.513708,5.149262],[-75.513733,5.149201],[-75.51377,5.149131],[-75.513775,5.149093],[-75.513772,5.14906],[-75.513758,5.149021],[-75.513732,5.148976],[-75.513663,5.148864],[-75.513643,5.148818],[-75.513635,5.148776],[-75.513634,5.148727]]}},{"type":"Feature","properties":{"cls":"minor","kind":"service"},"geometry":{"type":"LineString","coordinates":[[-75.538107,5.172352],[-75.538146,5.172387],[-75.538191,5.172435],[-75.538228,5.172479],[-75.538261,5.17252],[-75.538303,5.172539],[-75.538358,5.172541],[-75.538432,5.172523],[-75.538619,5.172444],[-75.538702,5.17242],[-75.538798,5.172405],[-75.538896,5.172388],[-75.538988,5.172402],[-75.539177,5.172498],[-75.539275,5.172533],[-75.539368,5.172552],[-75.539471,5.172573],[-75.539546,5.172585],[-75.539584,5.172593],[-75.539616,5.172615],[-75.539659,5.172657],[-75.539705,5.172691],[-75.539742,5.172705],[-75.53981,5.172722],[-75.541024,5.173021],[-75.541111,5.173042],[-75.541214,5.173057],[-75.541284,5.173046],[-75.541399,5.173027],[-75.541598,5.173014],[-75.54203,5.173091]]}},{"type":"Feature","properties":{"cls":"minor","kind":"residential"},"geometry":{"type":"LineString","coordinates":[[-75.521768,5.176798],[-75.521768,5.176769],[-75.521757,5.176742],[-75.521738,5.17672],[-75.521713,5.176705],[-75.521689,5.176701],[-75.521664,5.176703],[-75.521641,5.176713],[-75.521622,5.176729],[-75.521608,5.176749],[-75.521601,5.176774],[-75.521602,5.1768],[-75.52161,5.176824],[-75.521625,5.176845],[-75.521646,5.17686],[-75.521671,5.176868],[-75.521697,5.176868],[-75.521721,5.17686],[-75.521743,5.176846],[-75.521759,5.176825],[-75.521768,5.176798]]}},{"type":"Feature","properties":{"cls":"minor","kind":"residential"},"geometry":{"type":"LineString","coordinates":[[-75.521206,5.176624],[-75.521608,5.176749]]}},{"type":"Feature","properties":{"cls":"path","kind":"path"},"geometry":{"type":"LineString","coordinates":[[-75.521358,5.176373],[-75.521388,5.176233],[-75.521495,5.176168],[-75.521613,5.176136]]}},{"type":"Feature","properties":{"cls":"minor","kind":"residential"},"geometry":{"type":"LineString","coordinates":[[-75.521759,5.176825],[-75.522356,5.17701]]}},{"type":"Feature","properties":{"cls":"minor","kind":"residential"},"geometry":{"type":"LineString","coordinates":[[-75.521713,5.176705],[-75.521775,5.176503],[-75.521871,5.176214],[-75.521997,5.175848],[-75.52207,5.17565]]}},{"type":"Feature","properties":{"cls":"minor","kind":"residential","name":"Carrera 10A"},"geometry":{"type":"LineString","coordinates":[[-75.521696,5.169054],[-75.52161,5.169013],[-75.521466,5.168979]]}},{"type":"Feature","properties":{"cls":"minor","kind":"residential"},"geometry":{"type":"LineString","coordinates":[[-75.517273,5.168855],[-75.517056,5.169256]]}},{"type":"Feature","properties":{"cls":"minor","kind":"residential","name":"Calle 13"},"geometry":{"type":"LineString","coordinates":[[-75.518472,5.168602],[-75.518707,5.168636],[-75.518866,5.168723],[-75.51911,5.16894],[-75.519212,5.168977]]}},{"type":"Feature","properties":{"cls":"minor","kind":"unclassified"},"geometry":{"type":"LineString","coordinates":[[-75.496116,5.157926],[-75.496346,5.157932],[-75.496977,5.15778],[-75.497124,5.157795],[-75.49795,5.158017],[-75.498095,5.158044],[-75.498404,5.157937],[-75.49857,5.15794],[-75.498936,5.157951],[-75.499085,5.157934],[-75.499218,5.157878],[-75.499613,5.157601],[-75.499779,5.15741],[-75.499834,5.157361],[-75.500048,5.157299],[-75.500142,5.157238],[-75.500407,5.156975],[-75.500516,5.156914],[-75.500574,5.156902],[-75.500625,5.156898],[-75.500748,5.156937],[-75.500824,5.156939],[-75.500898,5.156935],[-75.500979,5.156915],[-75.501067,5.156866],[-75.501233,5.156756],[-75.501306,5.15674],[-75.501394,5.156735],[-75.501746,5.156668],[-75.501947,5.156599],[-75.502199,5.156454],[-75.503089,5.155733],[-75.503339,5.155514],[-75.503548,5.155413],[-75.503733,5.155359],[-75.503926,5.155319],[-75.504152,5.155319],[-75.504474,5.155348],[-75.504699,5.155415],[-75.504997,5.155613],[-75.505359,5.155933],[-75.505615,5.15611],[-75.505708,5.156172],[-75.505791,5.156206],[-75.505873,5.156224]]}},{"type":"Feature","properties":{"cls":"minor","kind":"service"},"geometry":{"type":"LineString","coordinates":[[-75.517279,5.165073],[-75.517245,5.165178],[-75.517256,5.16532],[-75.517288,5.165384],[-75.517366,5.165419],[-75.51754,5.1654],[-75.5178,5.165346],[-75.51789,5.165333],[-75.518301,5.165308]]}},{"type":"Feature","properties":{"cls":"minor","kind":"service"},"geometry":{"type":"LineString","coordinates":[[-75.51789,5.165333],[-75.517886,5.165053],[-75.517881,5.164946],[-75.517851,5.164922],[-75.517803,5.164919],[-75.51776,5.164954],[-75.51776,5.164996],[-75.5178,5.165346]]}},{"type":"Feature","properties":{"cls":"path","kind":"path"},"geometry":{"type":"LineString","coordinates":[[-75.522102,5.174883],[-75.522256,5.17459],[-75.522255,5.174518],[-75.522195,5.174477],[-75.52191,5.174458],[-75.521848,5.174426],[-75.521825,5.174368],[-75.521822,5.174299],[-75.521931,5.174036],[-75.521934,5.173868],[-75.521859,5.173686],[-75.521714,5.173507],[-75.521598,5.173406],[-75.521569,5.173323],[-75.521585,5.173147],[-75.521585,5.17304],[-75.521526,5.172869],[-75.521392,5.172644],[-75.521223,5.172367],[-75.521086,5.172263]]}},{"type":"Feature","properties":{"cls":"path","kind":"footway"},"geometry":{"type":"LineString","coordinates":[[-75.521228,5.167091],[-75.521172,5.167188],[-75.521009,5.167403]]}},{"type":"Feature","properties":{"cls":"path","kind":"footway"},"geometry":{"type":"LineString","coordinates":[[-75.52093,5.167454],[-75.520929,5.167437],[-75.520934,5.16742],[-75.520945,5.167406],[-75.520959,5.167397],[-75.520976,5.167393],[-75.520993,5.167395],[-75.521009,5.167403],[-75.52102,5.167414],[-75.521027,5.167428],[-75.521029,5.167444],[-75.521027,5.167459],[-75.521019,5.167473],[-75.521008,5.167484],[-75.520994,5.167491],[-75.520978,5.167493],[-75.520962,5.16749],[-75.520948,5.167483],[-75.520937,5.16747],[-75.52093,5.167454]]}},{"type":"Feature","properties":{"cls":"path","kind":"footway"},"geometry":{"type":"LineString","coordinates":[[-75.520705,5.167796],[-75.520769,5.167676],[-75.520948,5.167483]]}},{"type":"Feature","properties":{"cls":"path","kind":"footway"},"geometry":{"type":"LineString","coordinates":[[-75.521275,5.167749],[-75.5212,5.167651],[-75.521019,5.167473]]}},{"type":"Feature","properties":{"cls":"path","kind":"footway"},"geometry":{"type":"LineString","coordinates":[[-75.520664,5.16714],[-75.520742,5.167214],[-75.520945,5.167406]]}},{"type":"Feature","properties":{"cls":"minor","kind":"unclassified"},"geometry":{"type":"LineString","coordinates":[[-75.509012,5.157188],[-75.508901,5.15707],[-75.508782,5.156895],[-75.508547,5.156718],[-75.508455,5.156654],[-75.508398,5.156637],[-75.508333,5.15665],[-75.508289,5.156669],[-75.508258,5.156704],[-75.508201,5.15673],[-75.508133,5.156755],[-75.50807,5.156744],[-75.508037,5.15672],[-75.508003,5.156686],[-75.507976,5.156646],[-75.507957,5.156601],[-75.507911,5.156487],[-75.507903,5.156459],[-75.50789,5.156432],[-75.507873,5.156408],[-75.50785,5.156386],[-75.507824,5.15637],[-75.507795,5.156358],[-75.507769,5.156353],[-75.507742,5.156352],[-75.507715,5.156351],[-75.507641,5.156357],[-75.507585,5.156372],[-75.507518,5.156382],[-75.507459,5.156389],[-75.507387,5.156387],[-75.507246,5.156391],[-75.507175,5.156399],[-75.507118,5.156419],[-75.507055,5.15647],[-75.507018,5.156487],[-75.506974,5.156492],[-75.506933,5.156491],[-75.506868,5.15645],[-75.506827,5.156416],[-75.506783,5.156394],[-75.506585,5.156318],[-75.506412,5.156278],[-75.506264,5.156273],[-75.505873,5.156224]]}},{"type":"Feature","properties":{"cls":"minor","kind":"service"},"geometry":{"type":"LineString","coordinates":[[-75.521339,5.179155],[-75.521504,5.179589],[-75.521519,5.179672],[-75.521477,5.179792],[-75.521315,5.180026],[-75.521233,5.180162],[-75.521181,5.180352],[-75.521149,5.18051],[-75.521138,5.180713],[-75.521063,5.180852],[-75.520985,5.180917],[-75.520863,5.180962],[-75.52072,5.180958],[-75.520665,5.180896],[-75.52063,5.180812],[-75.520607,5.180622],[-75.520541,5.180558],[-75.520276,5.180564],[-75.520206,5.180583]]}},{"type":"Feature","properties":{"cls":"minor","kind":"service"},"geometry":{"type":"LineString","coordinates":[[-75.521228,5.188011],[-75.521112,5.188011],[-75.521067,5.188027],[-75.521053,5.188068],[-75.52106,5.188121],[-75.521137,5.188243],[-75.521161,5.188388],[-75.521162,5.188671],[-75.521133,5.188729],[-75.521094,5.188788],[-75.521028,5.188837],[-75.52093,5.188903],[-75.520821,5.188964],[-75.52076,5.189012]]}},{"type":"Feature","properties":{"cls":"real","kind":"pedestrian","name":"Calle Real"},"geometry":{"type":"LineString","coordinates":[[-75.521315,5.167086],[-75.52127,5.166428],[-75.521227,5.165752],[-75.521181,5.16507]]}},{"type":"Feature","properties":{"cls":"minor","kind":"unclassified"},"geometry":{"type":"LineString","coordinates":[[-75.547603,5.145704],[-75.547515,5.145775],[-75.547492,5.145836],[-75.547508,5.145968],[-75.547498,5.14607],[-75.54743,5.146241],[-75.547365,5.146333],[-75.547081,5.146548],[-75.546889,5.146669],[-75.546816,5.14677],[-75.546774,5.146855],[-75.5467,5.146935],[-75.546642,5.146962],[-75.546598,5.146963],[-75.546577,5.146928],[-75.546603,5.146871],[-75.546603,5.146825],[-75.546535,5.146588],[-75.546537,5.14649],[-75.546632,5.146048],[-75.546627,5.145949],[-75.546548,5.145725],[-75.54655,5.145665],[-75.54667,5.145317],[-75.546672,5.145279],[-75.546661,5.14525],[-75.546626,5.145249],[-75.546595,5.145283],[-75.546541,5.145372],[-75.546518,5.145412],[-75.54648,5.145424],[-75.546439,5.145416],[-75.546425,5.145391],[-75.546425,5.145362],[-75.54645,5.145338],[-75.546485,5.14531],[-75.5465,5.145276],[-75.5465,5.145215],[-75.546485,5.145158],[-75.546452,5.145124],[-75.54641,5.145126],[-75.546388,5.145165],[-75.546394,5.145228],[-75.546389,5.145268],[-75.546365,5.145292],[-75.546336,5.145298],[-75.546303,5.145276],[-75.546282,5.145149],[-75.546256,5.145122],[-75.546188,5.145098],[-75.5461,5.145072],[-75.546056,5.145066],[-75.545998,5.145074],[-75.545901,5.145144],[-75.545869,5.145181],[-75.545828,5.14526],[-75.5458,5.145287],[-75.545747,5.145293],[-75.545409,5.145245],[-75.544988,5.145208],[-75.544837,5.145154],[-75.544789,5.145106],[-75.544789,5.145064],[-75.544896,5.144957],[-75.545251,5.144839],[-75.545275,5.144778],[-75.545275,5.14473],[-75.545243,5.144681],[-75.545181,5.144674],[-75.54502,5.144746],[-75.544643,5.144815],[-75.544379,5.144957],[-75.543938,5.14513],[-75.543748,5.145275],[-75.543604,5.145438],[-75.543431,5.145568],[-75.543388,5.145627],[-75.543356,5.145833],[-75.543313,5.145894],[-75.543136,5.146001],[-75.542927,5.146111],[-75.542701,5.146279],[-75.542543,5.146527],[-75.54247,5.146736],[-75.542492,5.146869],[-75.542589,5.147064],[-75.542582,5.147107],[-75.542566,5.147138],[-75.542392,5.14723],[-75.542175,5.147391]]}},{"type":"Feature","properties":{"cls":"track","kind":"track"},"geometry":{"type":"LineString","coordinates":[[-75.541858,5.149847],[-75.541924,5.14984],[-75.541971,5.149827],[-75.542011,5.149799],[-75.542099,5.149706],[-75.542138,5.149687],[-75.542185,5.149681],[-75.542227,5.149692],[-75.542326,5.149765],[-75.542371,5.149774],[-75.542423,5.149759],[-75.542458,5.149722],[-75.542522,5.149553],[-75.542571,5.149478],[-75.542633,5.149418],[-75.542709,5.149371],[-75.542767,5.149303],[-75.542801,5.149223],[-75.542844,5.149032],[-75.542896,5.148946],[-75.542987,5.148883],[-75.543109,5.148865],[-75.543356,5.14889],[-75.543468,5.148875],[-75.543574,5.14883],[-75.543664,5.148754],[-75.543802,5.148576],[-75.543884,5.148518],[-75.543989,5.148523],[-75.544068,5.148591],[-75.544089,5.148688],[-75.544008,5.149034],[-75.543971,5.149093],[-75.543916,5.149135],[-75.543855,5.149158],[-75.543301,5.149251],[-75.543158,5.149326],[-75.543089,5.149453],[-75.543094,5.14959],[-75.543172,5.149709],[-75.543408,5.14982],[-75.543455,5.14987],[-75.543459,5.149937],[-75.54342,5.149992],[-75.543354,5.15001],[-75.543136,5.15001],[-75.54305,5.15004],[-75.542991,5.15009],[-75.542827,5.150329],[-75.542766,5.150372],[-75.542688,5.150393],[-75.542223,5.150361],[-75.542128,5.150371],[-75.542039,5.150398],[-75.541947,5.15045]]}},{"type":"Feature","properties":{"cls":"minor","kind":"service"},"geometry":{"type":"LineString","coordinates":[[-75.543191,5.163539],[-75.543154,5.16352],[-75.543103,5.163499],[-75.543064,5.163488],[-75.543034,5.16349],[-75.542995,5.163506],[-75.542958,5.163532],[-75.542849,5.163619],[-75.542773,5.163682],[-75.542718,5.163734],[-75.542659,5.163791],[-75.542537,5.163886],[-75.542431,5.163958],[-75.542333,5.164034],[-75.542248,5.164069],[-75.542205,5.164078],[-75.542161,5.164076],[-75.542082,5.164066],[-75.541985,5.164056],[-75.541917,5.164062],[-75.541834,5.164091],[-75.541752,5.164121],[-75.541678,5.164156],[-75.541625,5.164192],[-75.541563,5.164221],[-75.541499,5.164228],[-75.54143,5.164224],[-75.541353,5.164232],[-75.541261,5.164255],[-75.541157,5.164272],[-75.541076,5.164304],[-75.540978,5.164342],[-75.540906,5.16438],[-75.540846,5.16441],[-75.54081,5.164424],[-75.540782,5.164424],[-75.540749,5.164407],[-75.540719,5.164392],[-75.540688,5.164387],[-75.54065,5.164388],[-75.540587,5.164391],[-75.540549,5.164384],[-75.540516,5.164367],[-75.540496,5.164352],[-75.540453,5.164311],[-75.540388,5.164254],[-75.540318,5.16418],[-75.540249,5.164133],[-75.54018,5.164106],[-75.540121,5.164083],[-75.54008,5.164054],[-75.540058,5.164016],[-75.540062,5.163984],[-75.540074,5.163956],[-75.540111,5.163929],[-75.540145,5.163912],[-75.540217,5.163888],[-75.540247,5.163865],[-75.540267,5.163849],[-75.540282,5.163828],[-75.540307,5.163797],[-75.540339,5.163768],[-75.540372,5.163749],[-75.540415,5.163738],[-75.540534,5.163699],[-75.540605,5.163668],[-75.540626,5.163654],[-75.540644,5.163628],[-75.540656,5.16358],[-75.540663,5.1635],[-75.540662,5.163436],[-75.540657,5.163415],[-75.54064,5.163399],[-75.540602,5.163377],[-75.540582,5.163366],[-75.540571,5.163346],[-75.54057,5.163329],[-75.540576,5.16331],[-75.540598,5.163298],[-75.540625,5.163286],[-75.540665,5.163262],[-75.540704,5.163225],[-75.54075,5.163151]]}},{"type":"Feature","properties":{"cls":"minor","kind":"service"},"geometry":{"type":"LineString","coordinates":[[-75.530381,5.171778],[-75.530545,5.17166],[-75.530853,5.17151],[-75.53111,5.171307],[-75.531191,5.171168],[-75.531328,5.170377],[-75.53151,5.169937],[-75.531639,5.169795],[-75.531835,5.169621]]}},{"type":"Feature","properties":{"cls":"minor","kind":"service"},"geometry":{"type":"LineString","coordinates":[[-75.538122,5.174173],[-75.538245,5.174204],[-75.538417,5.174231],[-75.538745,5.174259],[-75.539027,5.174292],[-75.539101,5.174297],[-75.539158,5.174282],[-75.53922,5.174251],[-75.539331,5.174225],[-75.539496,5.174219],[-75.53955,5.174232],[-75.539585,5.17426],[-75.539604,5.174315],[-75.539637,5.174402],[-75.539677,5.174474],[-75.539743,5.17453],[-75.539873,5.174606],[-75.540323,5.174867],[-75.540445,5.174932],[-75.540517,5.174947],[-75.540615,5.174951],[-75.540738,5.174951],[-75.540819,5.174959],[-75.540938,5.174976]]}},{"type":"Feature","properties":{"cls":"minor","kind":"service"},"geometry":{"type":"LineString","coordinates":[[-75.539568,5.17814],[-75.539591,5.17811],[-75.53961,5.178073],[-75.539614,5.178044],[-75.53961,5.178012],[-75.53958,5.177878],[-75.539547,5.177798],[-75.539519,5.177732],[-75.539504,5.177685],[-75.539507,5.177643],[-75.539533,5.177613],[-75.539564,5.177604],[-75.539633,5.177605],[-75.53971,5.17759],[-75.539765,5.177563],[-75.539824,5.177507],[-75.539862,5.177438],[-75.539905,5.177277]]}},{"type":"Feature","properties":{"cls":"minor","kind":"service"},"geometry":{"type":"LineString","coordinates":[[-75.546404,5.183896],[-75.546343,5.183985],[-75.546309,5.184005],[-75.546268,5.184009],[-75.546228,5.183996],[-75.546197,5.183965],[-75.546058,5.183777],[-75.546025,5.183739],[-75.545991,5.183705],[-75.545778,5.18352],[-75.545726,5.183473],[-75.545569,5.183305],[-75.545485,5.183234],[-75.545394,5.183187],[-75.545193,5.183144],[-75.545139,5.183122],[-75.545105,5.183081],[-75.545093,5.183033],[-75.545094,5.182918],[-75.545092,5.182877],[-75.545042,5.18267],[-75.545018,5.182618],[-75.544975,5.182586],[-75.544874,5.182555],[-75.544826,5.182529],[-75.544791,5.18248],[-75.544781,5.182428],[-75.544804,5.18172],[-75.544847,5.181421]]}},{"type":"Feature","properties":{"cls":"minor","kind":"service"},"geometry":{"type":"LineString","coordinates":[[-75.530118,5.185608],[-75.530217,5.186067],[-75.530296,5.186273],[-75.530359,5.186444],[-75.53047,5.18659],[-75.530568,5.186676],[-75.530626,5.186756],[-75.530671,5.18686],[-75.530766,5.187024]]}},{"type":"Feature","properties":{"cls":"path","kind":"path"},"geometry":{"type":"LineString","coordinates":[[-75.533734,5.162226],[-75.533936,5.162328],[-75.534625,5.162655],[-75.53467,5.162756],[-75.534759,5.162769],[-75.53482,5.162735],[-75.534963,5.162469],[-75.535122,5.162461],[-75.535245,5.162552],[-75.535319,5.162594],[-75.535491,5.162501],[-75.535554,5.16241],[-75.535595,5.162395],[-75.535652,5.162442],[-75.535698,5.162412],[-75.535715,5.162366],[-75.535773,5.16234],[-75.535847,5.162334],[-75.535974,5.162268],[-75.536176,5.162262],[-75.536214,5.162353],[-75.53625,5.162423],[-75.536842,5.162906],[-75.537122,5.16324],[-75.537122,5.163388],[-75.537133,5.163523]]}},{"type":"Feature","properties":{"cls":"minor","kind":"service"},"geometry":{"type":"LineString","coordinates":[[-75.5421,5.166698],[-75.541957,5.166684],[-75.541879,5.166679],[-75.541815,5.16665],[-75.541751,5.166596],[-75.541712,5.166535],[-75.541672,5.166476],[-75.541652,5.166392],[-75.54163,5.166342],[-75.541575,5.16628],[-75.541515,5.166232],[-75.541471,5.16621]]}},{"type":"Feature","properties":{"cls":"path","kind":"path"},"geometry":{"type":"LineString","coordinates":[[-75.543354,5.15001],[-75.543377,5.150137],[-75.543371,5.15017],[-75.543194,5.150436],[-75.543177,5.150485],[-75.543173,5.150756],[-75.543163,5.150789],[-75.543067,5.150948],[-75.543057,5.150974],[-75.54294,5.151821],[-75.542943,5.151901],[-75.542977,5.15198],[-75.543191,5.152317],[-75.543204,5.152349],[-75.543221,5.152571],[-75.543238,5.1526],[-75.543493,5.152787],[-75.543508,5.152821],[-75.543434,5.153037],[-75.543413,5.15306],[-75.543163,5.15314],[-75.543151,5.153168],[-75.543164,5.153198],[-75.543194,5.153208],[-75.543335,5.15316],[-75.543356,5.153162],[-75.54353,5.153224],[-75.543566,5.153223],[-75.544033,5.153087],[-75.544423,5.153043],[-75.54446,5.153047],[-75.544485,5.153074],[-75.544487,5.153107],[-75.544468,5.153135],[-75.544224,5.153289],[-75.544202,5.153317],[-75.544146,5.153546],[-75.544021,5.153761],[-75.544022,5.153776],[-75.544034,5.153788],[-75.544051,5.15379],[-75.544761,5.153415],[-75.544873,5.15337],[-75.545001,5.153347],[-75.545203,5.153369],[-75.545238,5.153363],[-75.545444,5.153245]]}},{"type":"Feature","properties":{"cls":"minor","kind":"service"},"geometry":{"type":"LineString","coordinates":[[-75.51892,5.151512],[-75.519065,5.151651],[-75.519213,5.15191],[-75.519252,5.152041],[-75.519275,5.152318]]}},{"type":"Feature","properties":{"cls":"path","kind":"path"},"geometry":{"type":"LineString","coordinates":[[-75.518765,5.154504],[-75.518609,5.154211],[-75.518561,5.154077],[-75.51855,5.153601],[-75.518475,5.153329],[-75.518464,5.153227],[-75.518405,5.153067],[-75.51826,5.152859],[-75.517971,5.152613],[-75.517928,5.152538],[-75.51796,5.152474],[-75.518056,5.15242],[-75.51826,5.152404],[-75.518577,5.152308],[-75.518643,5.152145]]}},{"type":"Feature","properties":{"cls":"minor","kind":"service"},"geometry":{"type":"LineString","coordinates":[[-75.517924,5.151488],[-75.518115,5.151495],[-75.518213,5.151523],[-75.5184,5.151629],[-75.518469,5.151699],[-75.51851,5.151803],[-75.518534,5.152049],[-75.51856,5.152125],[-75.518643,5.152145]]}},{"type":"Feature","properties":{"cls":"minor","kind":"service"},"geometry":{"type":"LineString","coordinates":[[-75.520085,5.149894],[-75.519987,5.149932],[-75.519961,5.14997],[-75.519971,5.150038],[-75.520056,5.150317],[-75.520073,5.150505],[-75.520072,5.150729],[-75.520023,5.150985],[-75.519927,5.151188],[-75.519766,5.151414],[-75.519633,5.151588],[-75.51951,5.151814],[-75.519402,5.152006],[-75.519362,5.152172]]}},{"type":"Feature","properties":{"cls":"track","kind":"track"},"geometry":{"type":"LineString","coordinates":[[-75.513405,5.18318],[-75.513482,5.183023],[-75.513516,5.18301],[-75.513566,5.183028],[-75.513639,5.183095],[-75.513739,5.18324],[-75.513861,5.183579],[-75.513979,5.183915],[-75.51406,5.184033],[-75.514093,5.184085],[-75.514139,5.184137],[-75.514331,5.184311],[-75.514505,5.184514],[-75.514664,5.184848],[-75.514682,5.184937],[-75.514675,5.184983],[-75.514655,5.185047],[-75.514626,5.185112],[-75.514625,5.185148],[-75.514644,5.185174],[-75.514675,5.185192],[-75.514712,5.185202],[-75.515052,5.18528],[-75.515159,5.185283],[-75.51524,5.185263],[-75.51532,5.185215],[-75.515381,5.185179],[-75.515445,5.185126],[-75.515493,5.185073],[-75.51557,5.184999]]}},{"type":"Feature","properties":{"cls":"minor","kind":"service"},"geometry":{"type":"LineString","coordinates":[[-75.528978,5.190766],[-75.529081,5.190941],[-75.529174,5.191022],[-75.529307,5.191045],[-75.529493,5.19104],[-75.529807,5.191005],[-75.529877,5.191005],[-75.529937,5.191015],[-75.530153,5.191054],[-75.530177,5.191034],[-75.530186,5.19101],[-75.530173,5.190974],[-75.530003,5.190752],[-75.529962,5.190706],[-75.52974,5.190553],[-75.529726,5.190481],[-75.529736,5.19041],[-75.52981,5.190257],[-75.529815,5.190203],[-75.529793,5.190138],[-75.529606,5.189861],[-75.529437,5.189708],[-75.52939,5.189635],[-75.529376,5.189578],[-75.529372,5.189427]]}},{"type":"Feature","properties":{"cls":"minor","kind":"residential","name":"Calle 8"},"geometry":{"type":"LineString","coordinates":[[-75.516108,5.165541],[-75.515711,5.165719]]}},{"type":"Feature","properties":{"cls":"minor","kind":"residential"},"geometry":{"type":"LineString","coordinates":[[-75.516373,5.164441],[-75.516378,5.164627]]}},{"type":"Feature","properties":{"cls":"minor","kind":"service"},"geometry":{"type":"LineString","coordinates":[[-75.516413,5.170694],[-75.516295,5.170721],[-75.516122,5.170797],[-75.516021,5.17084]]}},{"type":"Feature","properties":{"cls":"minor","kind":"service"},"geometry":{"type":"LineString","coordinates":[[-75.508642,5.189437],[-75.5088,5.189445],[-75.508916,5.189445],[-75.509043,5.189453],[-75.509161,5.189486],[-75.509275,5.189498],[-75.509372,5.189494],[-75.509469,5.189513],[-75.509509,5.189556],[-75.509524,5.189616],[-75.509527,5.189673],[-75.50952,5.189719],[-75.50948,5.189765],[-75.50943,5.189784],[-75.50937,5.189779],[-75.509303,5.189768],[-75.50922,5.189765],[-75.509175,5.189768],[-75.509139,5.189791],[-75.509112,5.189822],[-75.509099,5.189868],[-75.509098,5.18993],[-75.509116,5.190038],[-75.509124,5.190117],[-75.509135,5.190151],[-75.50915,5.190175],[-75.509177,5.190192],[-75.509213,5.190202],[-75.509293,5.19021],[-75.509429,5.190225],[-75.509511,5.190228],[-75.509603,5.190239],[-75.509645,5.190252],[-75.509676,5.190281],[-75.509728,5.190365],[-75.509755,5.190433],[-75.509792,5.190501],[-75.509823,5.190557],[-75.509838,5.190583],[-75.509845,5.190606],[-75.50984,5.190625],[-75.509826,5.190632],[-75.509802,5.190633],[-75.509717,5.190595],[-75.509673,5.190579],[-75.50963,5.190571],[-75.509551,5.190572],[-75.509517,5.190586],[-75.50948,5.190608],[-75.509441,5.190648],[-75.509431,5.19067],[-75.509433,5.190694],[-75.509447,5.190716],[-75.509472,5.190734],[-75.509535,5.190756],[-75.50956,5.190778],[-75.509572,5.190801],[-75.509569,5.190837],[-75.509555,5.190859],[-75.509533,5.190885],[-75.509508,5.190919],[-75.509503,5.190947],[-75.509507,5.190974],[-75.509532,5.191024],[-75.509555,5.191078],[-75.50956,5.191134],[-75.509555,5.191185],[-75.509541,5.191216],[-75.509524,5.19124],[-75.509518,5.191255],[-75.509519,5.191279],[-75.509525,5.191293],[-75.509544,5.191309],[-75.509571,5.191316],[-75.509607,5.191313],[-75.509673,5.191303],[-75.509747,5.191283],[-75.509816,5.191257],[-75.509888,5.191232],[-75.509948,5.191197],[-75.509992,5.191177],[-75.51002,5.191177],[-75.51005,5.19118],[-75.510078,5.191192],[-75.51012,5.191232],[-75.510158,5.19128],[-75.510199,5.191328],[-75.510223,5.191351],[-75.510254,5.191361],[-75.510309,5.191383],[-75.51035,5.191395],[-75.510367,5.191407],[-75.510369,5.191425],[-75.510361,5.191444],[-75.510342,5.191452],[-75.51032,5.191457],[-75.510295,5.191457],[-75.510235,5.191458],[-75.510168,5.191456],[-75.51013,5.191464],[-75.510102,5.191482],[-75.510054,5.191531],[-75.510012,5.191592],[-75.50998,5.191667],[-75.509977,5.191753],[-75.509996,5.19185],[-75.510006,5.191941],[-75.510015,5.192032],[-75.510019,5.192117],[-75.510009,5.192172],[-75.509983,5.192223],[-75.509945,5.192255],[-75.509908,5.192295],[-75.509882,5.192358],[-75.509857,5.192423],[-75.50984,5.192493],[-75.509819,5.192564],[-75.509796,5.192632],[-75.509767,5.192694],[-75.509713,5.19274],[-75.50965,5.192764],[-75.509566,5.192791],[-75.509483,5.192833],[-75.509413,5.192871],[-75.509358,5.192888],[-75.509305,5.192888],[-75.509212,5.192855],[-75.509136,5.192819],[-75.509096,5.192792],[-75.509041,5.192761],[-75.508999,5.192749],[-75.50896,5.192746],[-75.508921,5.192767],[-75.50887,5.192799],[-75.50882,5.192844],[-75.508789,5.192864],[-75.508754,5.192877],[-75.508727,5.192883],[-75.508689,5.192881],[-75.508619,5.192864],[-75.508533,5.192833],[-75.508438,5.192796],[-75.508332,5.192762],[-75.508267,5.192749]]}},{"type":"Feature","properties":{"cls":"path","kind":"path"},"geometry":{"type":"LineString","coordinates":[[-75.51892,5.151512],[-75.51921,5.151555],[-75.519312,5.151523],[-75.519408,5.151442],[-75.519543,5.151255]]}},{"type":"Feature","properties":{"cls":"minor","kind":"service"},"geometry":{"type":"LineString","coordinates":[[-75.518643,5.152145],[-75.518778,5.151822],[-75.518802,5.151736],[-75.518783,5.151536],[-75.518837,5.151499],[-75.51892,5.151512]]}},{"type":"Feature","properties":{"cls":"minor","kind":"service"},"geometry":{"type":"LineString","coordinates":[[-75.537962,5.156328],[-75.537907,5.15624],[-75.537868,5.156208],[-75.537811,5.15619],[-75.537725,5.156174],[-75.537626,5.156155],[-75.537566,5.156137],[-75.537486,5.156094]]}},{"type":"Feature","properties":{"cls":"minor","kind":"unclassified"},"geometry":{"type":"LineString","coordinates":[[-75.537962,5.156328],[-75.537969,5.156209],[-75.537964,5.156099],[-75.537897,5.155469],[-75.537859,5.15513],[-75.537846,5.155025],[-75.53787,5.154945],[-75.537945,5.15479],[-75.537945,5.154689],[-75.537829,5.154339],[-75.537749,5.154176],[-75.537741,5.154061],[-75.537749,5.153807],[-75.53773,5.153684],[-75.53765,5.153492],[-75.537542,5.153305],[-75.537373,5.152992],[-75.537282,5.152757],[-75.537089,5.152421],[-75.536885,5.152127]]}},{"type":"Feature","properties":{"cls":"minor","kind":"unclassified"},"geometry":{"type":"LineString","coordinates":[[-75.538072,5.157089],[-75.538119,5.156994],[-75.538135,5.156935],[-75.538138,5.156867],[-75.53813,5.156794],[-75.538071,5.156644],[-75.538006,5.156485],[-75.537962,5.156328]]}},{"type":"Feature","properties":{"cls":"minor","kind":"service"},"geometry":{"type":"LineString","coordinates":[[-75.535568,5.144511],[-75.535651,5.14462],[-75.535737,5.144813],[-75.535786,5.144858],[-75.535981,5.144933],[-75.536019,5.144973],[-75.536013,5.145029],[-75.535997,5.145088],[-75.536027,5.14512],[-75.536094,5.145104],[-75.536132,5.145066],[-75.536279,5.144909],[-75.536317,5.144874],[-75.536462,5.144843],[-75.536494,5.144839],[-75.536512,5.144869],[-75.536494,5.145021],[-75.536497,5.145059],[-75.536519,5.145082],[-75.536555,5.14507],[-75.536614,5.144997],[-75.536644,5.144986],[-75.536668,5.145],[-75.536676,5.14505],[-75.536719,5.145261],[-75.536781,5.145302],[-75.537006,5.145336]]}},{"type":"Feature","properties":{"cls":"minor","kind":"service"},"geometry":{"type":"LineString","coordinates":[[-75.542175,5.147391],[-75.542124,5.147352],[-75.542051,5.147377],[-75.541898,5.147509],[-75.541812,5.147538],[-75.541532,5.147547],[-75.541341,5.147593],[-75.541091,5.14771],[-75.540962,5.147753],[-75.540925,5.147753],[-75.540901,5.147733],[-75.540904,5.147703],[-75.540922,5.147676],[-75.541398,5.147367],[-75.541484,5.147292],[-75.54159,5.147189],[-75.541627,5.147114],[-75.541641,5.146963],[-75.541637,5.1468],[-75.541614,5.146709],[-75.541355,5.14629],[-75.541291,5.146148],[-75.541037,5.145711],[-75.540943,5.14561],[-75.540905,5.145531],[-75.540897,5.145435],[-75.541037,5.14498],[-75.541111,5.144777]]}},{"type":"Feature","properties":{"cls":"track","kind":"track"},"geometry":{"type":"LineString","coordinates":[[-75.52076,5.189012],[-75.520675,5.189087],[-75.520611,5.189186],[-75.520563,5.189234],[-75.520498,5.189267],[-75.520413,5.189362],[-75.520363,5.189424],[-75.520308,5.189493],[-75.52029,5.189616],[-75.520253,5.189663],[-75.520186,5.189727],[-75.520134,5.189747],[-75.520097,5.189777],[-75.520058,5.189859]]}},{"type":"Feature","properties":{"cls":"minor","kind":"service"},"geometry":{"type":"LineString","coordinates":[[-75.521339,5.179155],[-75.521225,5.178927],[-75.521198,5.178823],[-75.521214,5.17871],[-75.521254,5.178529]]}},{"type":"Feature","properties":{"cls":"track","kind":"track"},"geometry":{"type":"LineString","coordinates":[[-75.531101,5.181971],[-75.531043,5.181987],[-75.530987,5.181968],[-75.530853,5.181808],[-75.530785,5.181762],[-75.530728,5.181772],[-75.530696,5.181824],[-75.530657,5.181956],[-75.530519,5.182095],[-75.530401,5.18216],[-75.530272,5.182214],[-75.530186,5.182215],[-75.530077,5.18218],[-75.530024,5.182182],[-75.529942,5.182214],[-75.529838,5.18221],[-75.529768,5.182211],[-75.529733,5.182237],[-75.529692,5.182243],[-75.529653,5.182215],[-75.529643,5.182175],[-75.529598,5.182158],[-75.529564,5.182191],[-75.529533,5.182231],[-75.529511,5.182242],[-75.529178,5.182249],[-75.528963,5.182242],[-75.5289,5.182261],[-75.528859,5.182325],[-75.528814,5.182365],[-75.528686,5.182409],[-75.52865,5.182433],[-75.528595,5.182526]]}},{"type":"Feature","properties":{"cls":"minor","kind":"residential","name":"Carrera 2A"},"geometry":{"type":"LineString","coordinates":[[-75.516145,5.168369],[-75.516032,5.168558],[-75.516009,5.168584],[-75.515994,5.16859],[-75.515969,5.168582]]}},{"type":"Feature","properties":{"cls":"minor","kind":"unclassified","name":"Calle 8"},"geometry":{"type":"LineString","coordinates":[[-75.523888,5.165559],[-75.523853,5.165526],[-75.523839,5.165489]]}},{"type":"Feature","properties":{"cls":"minor","kind":"service"},"geometry":{"type":"LineString","coordinates":[[-75.531925,5.166974],[-75.53174,5.167263],[-75.531676,5.167332],[-75.531592,5.167383],[-75.53124,5.167518],[-75.531186,5.167522],[-75.53114,5.167494],[-75.531119,5.167446],[-75.531179,5.166994],[-75.531198,5.166952],[-75.531229,5.166916],[-75.531285,5.166863],[-75.531306,5.166831],[-75.531312,5.166792],[-75.5313,5.166753],[-75.531235,5.166652],[-75.531221,5.166609],[-75.531221,5.166354],[-75.531232,5.166314],[-75.531262,5.166281],[-75.531364,5.166177],[-75.531391,5.166126],[-75.531463,5.165881]]}},{"type":"Feature","properties":{"cls":"minor","kind":"residential"},"geometry":{"type":"LineString","coordinates":[[-75.518011,5.164549],[-75.518033,5.164448],[-75.518041,5.164387],[-75.517799,5.163993]]}},{"type":"Feature","properties":{"cls":"minor","kind":"residential"},"geometry":{"type":"LineString","coordinates":[[-75.520743,5.177099],[-75.520506,5.17695],[-75.520339,5.176904],[-75.520133,5.176876],[-75.520019,5.176836],[-75.519941,5.176756],[-75.519845,5.176576],[-75.519787,5.176449],[-75.519692,5.176399],[-75.519529,5.176487],[-75.519292,5.176668],[-75.519143,5.176779]]}},{"type":"Feature","properties":{"cls":"minor","kind":"residential"},"geometry":{"type":"LineString","coordinates":[[-75.521086,5.172263],[-75.52098,5.172224],[-75.52072,5.172134],[-75.520686,5.172085],[-75.520677,5.172062],[-75.520695,5.172029],[-75.520732,5.171992],[-75.520739,5.171907],[-75.520747,5.171803]]}},{"type":"Feature","properties":{"cls":"path","kind":"path"},"geometry":{"type":"LineString","coordinates":[[-75.521358,5.176373],[-75.521299,5.176422],[-75.521225,5.176484],[-75.521194,5.176582],[-75.521206,5.176624]]}},{"type":"Feature","properties":{"cls":"minor","kind":"residential"},"geometry":{"type":"LineString","coordinates":[[-75.520868,5.177481],[-75.5208,5.177741]]}},{"type":"Feature","properties":{"cls":"minor","kind":"residential"},"geometry":{"type":"LineString","coordinates":[[-75.521306,5.177902],[-75.521646,5.17801]]}},{"type":"Feature","properties":{"cls":"path","kind":"path"},"geometry":{"type":"LineString","coordinates":[[-75.520842,5.177178],[-75.520726,5.177436]]}},{"type":"Feature","properties":{"cls":"path","kind":"path"},"geometry":{"type":"LineString","coordinates":[[-75.520726,5.177436],[-75.520704,5.177423],[-75.520682,5.177393],[-75.520676,5.177358],[-75.520669,5.177294],[-75.520663,5.17724],[-75.52065,5.177212]]}},{"type":"Feature","properties":{"cls":"path","kind":"path","name":"Calle 4"},"geometry":{"type":"LineString","coordinates":[[-75.518024,5.163457],[-75.517802,5.163442],[-75.517651,5.163357],[-75.517655,5.163285]]}},{"type":"Feature","properties":{"cls":"path","kind":"path","name":"Calle 4","bridge":1},"geometry":{"type":"LineString","coordinates":[[-75.51835,5.163487],[-75.518024,5.163457]]}},{"type":"Feature","properties":{"cls":"real","kind":"residential","name":"Calle Real"},"geometry":{"type":"LineString","coordinates":[[-75.521084,5.163741],[-75.521071,5.16356],[-75.520999,5.163364]]}},{"type":"Feature","properties":{"cls":"path","kind":"steps"},"geometry":{"type":"LineString","coordinates":[[-75.517614,5.162518],[-75.518009,5.162422],[-75.518048,5.162333]]}},{"type":"Feature","properties":{"cls":"minor","kind":"residential"},"geometry":{"type":"LineString","coordinates":[[-75.517579,5.163287],[-75.517511,5.163301],[-75.517282,5.163382],[-75.516974,5.163568]]}},{"type":"Feature","properties":{"cls":"path","kind":"steps","name":"Carrera 10"},"geometry":{"type":"LineString","coordinates":[[-75.521015,5.169616],[-75.520925,5.169661],[-75.520813,5.169705],[-75.520658,5.16975]]}}]}